,Date,Location,MinTemp,MaxTemp,Rainfall,Evaporation,Sunshine,WindGustDir,WindGustSpeed,WindDir9am,WindDir3pm,WindSpeed9am,WindSpeed3pm,Humidity9am,Humidity3pm,Pressure9am,Pressure3pm,Cloud9am,Cloud3pm,Temp9am,Temp3pm,RainToday,RainTomorrow
0,2014-05-11,Wollongong,15.6,21.9,0.2,,,SE,46.0,WSW,S,11.0,30.0,58.0,73.0,1021.5,1022.6,,,19.6,18.7,No,No
1,2010-08-07,Hobart,1.7,12.3,0.4,1.4,8.0,NNW,30.0,N,NNW,11.0,11.0,75.0,38.0,1026.0,1022.4,1.0,3.0,4.2,12.2,No,No
2,2011-02-26,MountGambier,11.7,28.0,0.0,5.2,0.9,SSW,26.0,E,NW,6.0,17.0,89.0,42.0,1009.8,1008.0,7.0,8.0,17.2,26.5,No,Yes
3,2012-08-31,WaggaWagga,0.4,11.8,0.0,2.6,4.1,WSW,48.0,NNW,WSW,9.0,35.0,86.0,54.0,1020.8,1017.6,6.0,5.0,5.6,11.3,No,No
4,2009-12-22,PerthAirport,18.6,32.6,0.0,12.8,11.7,ENE,44.0,E,SW,17.0,28.0,44.0,36.0,1006.6,1003.2,0.0,7.0,25.1,29.8,No,No
5,2012-03-12,Watsonia,9.0,24.8,0.0,4.2,11.0,WSW,28.0,S,SSW,2.0,7.0,89.0,44.0,1020.6,1018.4,7.0,1.0,12.9,23.1,No,No
6,2012-11-22,Cairns,24.7,31.5,0.0,8.0,8.2,ENE,41.0,SSE,NE,15.0,17.0,74.0,61.0,1013.4,1009.9,7.0,2.0,27.3,29.8,No,No
7,2016-11-05,Perth,14.1,37.0,0.0,6.6,12.8,SW,31.0,ENE,WSW,11.0,15.0,45.0,30.0,1017.8,1012.7,0.0,0.0,25.6,33.8,No,No
8,2015-09-03,Albany,9.4,16.0,0.0,1.4,3.9,,,SSW,,2.0,,75.0,,1026.6,1023.2,7.0,,12.1,,No,No
9,2015-01-01,NorahHead,20.8,28.5,0.0,,,NE,44.0,NNE,NE,11.0,31.0,79.0,80.0,1014.7,1011.5,,,24.1,25.5,No,Yes
10,2015-09-11,MountGinini,0.3,12.3,0.0,,,WNW,37.0,W,W,20.0,17.0,98.0,54.0,,,,,4.2,11.3,No,No
11,2011-06-14,Bendigo,2.6,15.5,0.0,1.8,,SE,37.0,SSE,SSE,17.0,20.0,78.0,52.0,1027.3,1025.4,1.0,1.0,9.2,14.5,No,No
12,2014-08-30,Watsonia,9.1,20.2,0.0,1.0,10.0,NNW,33.0,NE,NNW,6.0,17.0,99.0,48.0,1026.4,1021.9,1.0,1.0,11.3,20.1,No,No
13,2015-06-09,Cairns,20.1,28.1,3.0,4.2,5.2,SE,48.0,S,SE,19.0,31.0,82.0,67.0,1017.0,1015.1,8.0,5.0,23.0,26.1,Yes,Yes
14,2015-01-19,GoldCoast,24.8,30.8,0.0,,,SSE,78.0,ESE,SSE,15.0,35.0,71.0,79.0,1009.6,1008.3,,,27.1,26.9,No,Yes
15,2010-10-28,Wollongong,13.7,19.6,2.8,,,SSW,30.0,S,SE,24.0,15.0,79.0,68.0,1022.6,1021.0,7.0,6.0,16.1,19.0,Yes,No
16,2014-09-03,Ballarat,3.3,11.0,,,,,,S,SSE,19.0,13.0,80.0,58.0,1023.5,1020.7,8.0,6.0,6.6,10.4,,
17,2016-05-29,NorahHead,9.5,17.9,0.6,,,W,24.0,WNW,SW,9.0,6.0,58.0,40.0,1017.1,1016.5,,,13.0,16.9,No,No
18,2009-04-30,PerthAirport,9.3,24.5,0.0,4.2,9.3,ESE,39.0,S,WSW,17.0,17.0,69.0,35.0,1025.4,1022.2,1.0,0.0,16.5,24.1,No,No
19,2014-11-21,Canberra,12.6,30.2,0.0,,,W,50.0,WNW,WNW,24.0,28.0,35.0,30.0,1008.5,1008.5,,,24.5,30.1,No,No
20,2009-07-20,Brisbane,8.1,22.9,0.0,1.8,9.6,NNE,19.0,S,NE,2.0,9.0,58.0,48.0,1027.4,1023.8,1.0,1.0,14.3,21.6,No,No
21,2014-02-22,Melbourne,14.2,20.2,,4.8,1.6,SSE,41.0,SW,S,17.0,31.0,87.0,56.0,1024.0,1024.2,,,15.4,19.6,,
22,2015-07-02,SydneyAirport,6.1,17.2,0.0,3.0,8.1,W,69.0,WNW,W,19.0,33.0,55.0,37.0,1020.0,1016.9,7.0,1.0,10.5,16.3,No,No
23,2012-09-25,Hobart,6.4,13.7,0.4,3.6,2.5,NW,44.0,NNW,NW,24.0,28.0,59.0,52.0,1016.7,1016.6,,,11.4,13.1,No,No
24,2014-12-18,Townsville,26.1,32.0,0.0,10.0,11.6,NNE,37.0,NNW,N,20.0,24.0,54.0,48.0,1011.9,1009.0,3.0,2.0,30.3,30.8,No,No
25,2009-02-01,WaggaWagga,26.9,41.6,0.0,13.6,11.2,ENE,63.0,NE,ENE,19.0,20.0,26.0,11.0,1012.6,1009.7,1.0,2.0,32.9,40.6,No,No
26,2009-01-01,Townsville,24.8,31.9,1.4,6.4,4.8,NNW,39.0,NNW,N,2.0,19.0,77.0,69.0,1008.0,1005.4,7.0,7.0,28.8,29.9,Yes,No
27,2017-04-25,Walpole,9.4,19.2,1.0,,,NW,22.0,WNW,SSE,6.0,7.0,88.0,75.0,1026.1,1025.0,,,15.1,17.6,No,No
28,2012-07-21,Darwin,17.8,29.7,0.0,7.6,11.5,SE,50.0,SE,SSE,30.0,19.0,22.0,10.0,1017.4,1012.7,0.0,0.0,20.1,28.3,No,No
29,2009-09-13,BadgerysCreek,4.4,30.6,0.0,,,NW,50.0,N,WNW,9.0,28.0,42.0,14.0,1019.8,1015.8,,,19.6,30.1,No,No
30,2012-09-04,Cobar,8.7,25.7,0.0,5.8,,N,30.0,NNE,N,19.0,17.0,21.0,9.0,1023.5,1018.5,0.0,0.0,17.8,25.0,No,No
31,2010-04-12,Witchcliffe,12.1,18.5,12.8,,,W,37.0,NW,NW,9.0,17.0,80.0,53.0,1006.7,1006.5,,,15.0,17.6,Yes,No
32,2016-02-24,Perth,12.5,24.0,0.2,8.2,12.0,SW,43.0,SE,SSW,11.0,20.0,55.0,41.0,1019.0,1016.8,2.0,1.0,19.1,22.1,No,No
33,2009-10-08,Williamtown,10.3,18.2,0.0,8.4,4.5,SSW,78.0,SW,SSW,31.0,50.0,51.0,51.0,1016.4,1018.3,7.0,5.0,13.5,16.6,No,Yes
34,2016-10-29,Katherine,25.0,40.2,0.0,8.0,,E,35.0,WNW,ESE,17.0,15.0,56.0,,1012.0,1005.8,3.0,,31.4,,No,No
35,2016-11-15,Dartmoor,10.0,16.8,0.8,,,W,30.0,W,SW,6.0,19.0,90.0,74.0,1021.5,1021.4,,,12.2,16.0,No,No
36,2016-03-24,Hobart,8.5,18.8,0.0,3.6,10.8,SE,30.0,NNW,SE,13.0,17.0,66.0,43.0,1020.4,1017.0,5.0,1.0,12.3,18.6,No,No
37,2015-03-21,CoffsHarbour,22.1,23.6,0.0,,,SSW,61.0,SW,SW,31.0,24.0,77.0,92.0,1020.1,1019.7,8.0,8.0,22.9,22.0,No,Yes
38,2015-11-27,Walpole,11.9,18.0,0.6,,,SE,41.0,SE,SE,20.0,20.0,92.0,77.0,1016.7,1015.9,,,15.7,16.7,No,No
39,2012-06-21,PerthAirport,1.5,16.0,12.2,0.4,8.8,SE,26.0,SSE,SSE,7.0,15.0,91.0,45.0,1028.5,1028.6,1.0,3.0,7.2,15.4,Yes,No
40,2016-04-19,BadgerysCreek,14.4,25.9,1.4,,,E,24.0,SW,ESE,7.0,11.0,88.0,63.0,1021.9,1019.5,,,19.1,23.8,Yes,No
41,2015-06-19,Canberra,2.2,11.2,5.6,,,S,37.0,SSE,SSE,17.0,15.0,70.0,57.0,1020.6,1019.7,,8.0,7.4,10.2,Yes,No
42,2016-06-02,Walpole,7.1,,0.2,,,,,NE,NE,13.0,13.0,84.0,54.0,1022.6,1017.8,,,10.5,17.5,No,
43,2010-10-23,Mildura,14.1,20.4,3.2,10.0,8.9,SSW,33.0,SSW,SSW,13.0,19.0,94.0,45.0,1019.6,1020.0,7.0,5.0,14.4,18.9,Yes,No
44,2017-04-02,Canberra,9.1,20.4,0.0,,,,,SSE,NE,13.0,13.0,61.0,41.0,1026.8,1024.8,,5.0,15.1,19.5,No,No
45,2011-11-20,Tuggeranong,17.0,19.5,5.0,,,NW,35.0,N,NNW,9.0,11.0,79.0,79.0,1010.4,1011.3,,,19.3,16.3,Yes,Yes
46,2017-06-02,Walpole,12.8,21.7,0.0,,,NW,31.0,NNW,NW,6.0,17.0,76.0,64.0,1022.8,1021.1,,,17.4,20.4,No,Yes
47,2008-04-24,Sydney,14.7,20.0,15.6,1.6,2.5,,,S,S,19.0,20.0,93.0,80.0,1021.3,1018.6,7.0,7.0,16.8,19.3,Yes,Yes
48,2008-10-14,Adelaide,9.0,18.4,0.0,5.0,6.2,SW,37.0,SSE,SW,15.0,19.0,44.0,38.0,1027.2,1026.2,,,13.3,17.6,No,No
49,2009-10-21,Canberra,3.9,29.1,0.0,7.2,,,,,,,,54.0,17.0,,,,,14.7,28.0,No,No
50,2013-12-09,Williamtown,15.1,34.7,0.0,6.8,9.3,N,37.0,NNW,NE,11.0,13.0,57.0,29.0,1010.3,1004.8,5.0,4.0,23.2,33.6,No,No
51,2010-09-22,Ballarat,6.3,11.0,0.0,,,S,35.0,S,S,24.0,22.0,82.0,70.0,1028.3,1026.6,6.0,8.0,8.4,10.1,No,No
52,2013-03-31,Portland,13.4,18.3,2.8,1.8,3.6,W,54.0,SW,WSW,11.0,20.0,74.0,59.0,1015.0,1016.2,8.0,8.0,13.8,16.1,Yes,No
53,2015-04-09,Moree,8.3,23.9,0.0,3.6,,SW,28.0,SSE,SW,13.0,13.0,67.0,40.0,1021.7,1017.9,1.0,1.0,16.0,22.8,No,No
54,2010-08-21,WaggaWagga,4.3,12.4,0.2,2.2,6.9,W,43.0,WNW,W,9.0,26.0,85.0,56.0,1019.5,1018.3,7.0,3.0,7.1,12.2,No,No
55,2011-08-12,PerthAirport,7.3,22.0,0.0,2.6,9.7,ENE,41.0,ENE,NNE,22.0,19.0,55.0,47.0,1015.0,1010.9,0.0,4.0,13.4,21.7,No,No
56,2016-10-25,Penrith,8.3,29.1,0.0,,,W,39.0,SE,N,2.0,9.0,63.0,25.0,,,,,15.4,27.1,No,No
57,2008-12-13,Wollongong,16.1,31.6,48.4,,,NW,91.0,N,W,22.0,30.0,84.0,30.0,994.0,990.7,,,22.5,31.2,Yes,No
58,2015-10-03,Bendigo,7.9,31.4,0.0,,,N,44.0,N,NW,7.0,26.0,42.0,12.0,1030.3,1022.9,,,18.7,31.1,No,No
59,2012-11-09,Nuriootpa,3.2,20.8,0.0,6.8,12.4,WSW,37.0,SW,W,20.0,17.0,52.0,33.0,1024.7,1022.4,6.0,3.0,12.7,19.9,No,No
60,2013-12-15,Portland,9.1,17.2,0.0,6.4,10.9,W,30.0,WSW,SW,11.0,15.0,75.0,71.0,1022.4,1021.4,8.0,7.0,14.2,15.8,No,No
61,2014-03-22,Moree,17.2,31.8,0.0,,,NE,37.0,ENE,N,20.0,11.0,67.0,33.0,1017.9,1014.7,,,22.4,30.7,No,No
62,2010-04-13,Albany,12.2,22.6,5.8,2.4,9.0,,,NNE,ESE,7.0,24.0,84.0,76.0,1010.6,1006.6,6.0,1.0,15.5,21.0,Yes,Yes
63,2014-12-05,SydneyAirport,19.5,29.3,21.4,11.0,6.9,SW,41.0,NW,ENE,20.0,26.0,62.0,41.0,1008.3,1005.4,7.0,5.0,24.2,28.1,Yes,No
64,2010-05-04,Dartmoor,9.8,14.0,2.6,3.2,2.7,WNW,50.0,NNW,NNW,15.0,17.0,95.0,89.0,1010.5,1008.5,,,12.5,11.9,Yes,Yes
65,2009-10-04,Walpole,8.4,13.8,0.0,,,SSW,28.0,SSW,SSW,6.0,13.0,76.0,76.0,1027.0,1026.4,,,12.3,12.1,No,No
66,2008-12-09,Launceston,10.7,17.5,0.8,6.0,,NNW,39.0,NNW,N,13.0,24.0,93.0,63.0,1005.4,1002.8,,,12.6,16.3,No,No
67,2012-10-22,SalmonGums,10.9,29.1,0.0,,,S,39.0,NW,S,6.0,17.0,44.0,47.0,,,,,22.7,22.2,No,Yes
68,2015-05-04,PearceRAAF,9.3,17.8,3.4,,7.9,WSW,69.0,ENE,SSW,4.0,17.0,70.0,55.0,1022.4,1023.6,5.0,5.0,13.1,16.8,Yes,No
69,2009-04-17,Woomera,12.8,25.9,0.0,6.4,10.6,S,31.0,SE,SSW,13.0,15.0,52.0,26.0,1019.8,1017.7,1.0,0.0,17.7,25.2,No,No
70,2009-07-10,Dartmoor,4.5,12.8,0.2,2.4,0.1,N,50.0,NNE,NNE,26.0,20.0,71.0,82.0,1018.7,1012.9,,,11.3,11.5,No,Yes
71,2009-04-07,Williamtown,14.5,20.8,3.4,3.4,1.7,SE,26.0,SSW,SE,13.0,15.0,97.0,65.0,1024.7,1023.2,7.0,6.0,16.6,20.3,Yes,No
72,2011-07-22,Launceston,3.1,12.3,0.1,,,SSE,31.0,SE,SSE,11.0,13.0,80.0,55.0,1031.6,1028.8,,,6.3,11.6,No,No
73,2008-07-02,Brisbane,8.1,22.9,0.0,2.0,9.8,W,30.0,W,WNW,15.0,19.0,41.0,30.0,1018.8,1015.0,0.0,0.0,16.2,22.4,No,No
74,2009-01-23,Mildura,14.8,36.4,0.0,18.4,12.8,WNW,41.0,S,WNW,13.0,15.0,41.0,24.0,1008.3,1003.8,0.0,0.0,19.7,33.3,No,No
75,2012-06-04,GoldCoast,15.4,22.8,1.0,,,NW,50.0,NW,WNW,15.0,28.0,75.0,41.0,1006.9,1003.5,,,18.4,22.2,No,No
76,2013-05-28,MelbourneAirport,3.4,17.9,0.2,1.2,7.1,NNE,56.0,NNW,N,7.0,30.0,71.0,46.0,1029.3,1025.8,7.0,6.0,10.2,17.2,No,No
77,2013-05-13,Dartmoor,8.0,13.7,22.4,1.6,2.9,SW,37.0,N,W,7.0,20.0,100.0,75.0,1013.5,1012.7,,,9.5,12.2,Yes,Yes
78,2017-03-15,Adelaide,19.0,35.4,0.0,,,,,NNE,WNW,7.0,15.0,40.0,22.0,1011.5,1008.0,,,26.2,33.5,No,No
79,2010-10-25,PearceRAAF,8.9,28.0,0.0,,12.4,SW,37.0,SSW,SW,9.0,28.0,58.0,36.0,1019.6,1017.4,0.0,0.0,18.6,26.1,No,No
80,2012-01-08,GoldCoast,22.7,29.6,0.0,,,NNE,48.0,NNE,NNE,15.0,39.0,63.0,64.0,1012.8,1008.9,,,27.7,27.8,No,No
81,2013-01-14,Tuggeranong,10.4,23.1,5.4,,,SSE,46.0,S,SSE,19.0,15.0,52.0,36.0,1016.2,1015.4,,,12.9,21.9,Yes,No
82,2017-06-07,Sydney,8.8,15.5,54.6,2.6,0.0,SSW,56.0,SSW,S,24.0,17.0,82.0,85.0,1020.2,1019.6,8.0,8.0,13.3,14.2,Yes,Yes
83,2016-04-28,Albury,11.7,28.5,0.0,,,N,28.0,,NNW,0.0,13.0,70.0,32.0,1022.9,1018.9,8.0,2.0,15.7,27.4,No,No
84,2012-07-27,MountGinini,-3.2,-0.1,7.4,,,,,WSW,W,13.0,11.0,,,,,,,,,Yes,
85,2015-10-14,Albury,10.0,27.1,0.4,,,NNE,22.0,ESE,ESE,7.0,11.0,74.0,44.0,1025.0,1021.8,,1.0,16.7,26.4,No,No
86,2014-12-29,Albany,16.5,21.8,0.0,6.8,6.9,,,SW,SW,6.0,15.0,89.0,74.0,1018.9,1016.9,7.0,1.0,17.5,20.4,No,No
87,2013-03-01,MelbourneAirport,12.7,23.8,0.2,4.2,12.2,SE,54.0,SE,SE,15.0,33.0,64.0,34.0,1022.0,1020.9,1.0,1.0,16.3,22.6,No,No
88,2014-12-03,GoldCoast,19.8,28.5,0.0,,,NNE,35.0,NNE,NNE,11.0,30.0,60.0,67.0,1018.1,1015.1,,,27.8,26.6,No,No
89,2015-06-03,Townsville,19.7,26.1,0.0,6.6,3.7,ENE,33.0,SE,ENE,19.0,24.0,63.0,56.0,1019.2,1016.0,7.0,6.0,22.5,25.7,No,No
90,2017-02-23,Sale,13.3,27.1,0.0,,,W,43.0,WSW,ENE,13.0,19.0,62.0,48.0,1016.1,1016.7,,,19.7,26.0,No,No
91,2010-03-19,Adelaide,19.0,26.9,2.2,5.4,9.3,WSW,26.0,SSW,SW,11.0,11.0,88.0,58.0,1020.0,1019.2,,,20.8,25.1,Yes,No
92,2009-09-23,Witchcliffe,,16.7,5.2,,,W,44.0,W,WNW,20.0,15.0,69.0,64.0,1021.0,1020.4,,,15.5,14.8,Yes,No
93,2016-01-16,Cairns,24.7,32.6,0.0,8.4,10.8,ENE,33.0,SE,NE,11.0,20.0,69.0,60.0,1013.0,1010.4,4.0,2.0,28.9,31.3,No,Yes
94,2015-11-18,Mildura,14.9,41.3,0.0,12.6,12.0,WNW,48.0,NNW,WSW,4.0,26.0,19.0,8.0,1013.0,1010.7,0.0,,29.5,40.0,No,No
95,2013-07-15,Woomera,8.6,15.8,0.4,2.0,4.8,SSW,31.0,WSW,S,7.0,17.0,96.0,63.0,1023.9,1022.4,3.0,8.0,10.6,15.3,No,No
96,2011-11-22,MelbourneAirport,10.6,19.9,0.0,4.8,5.9,S,52.0,W,S,15.0,20.0,62.0,62.0,1012.4,1011.2,7.0,4.0,15.9,18.3,No,No
97,2014-06-02,MountGambier,11.3,13.7,0.8,0.2,0.0,NNW,22.0,N,NNW,7.0,9.0,99.0,93.0,1020.0,1018.7,8.0,8.0,11.7,13.4,No,No
98,2009-08-16,WaggaWagga,6.8,16.6,1.2,2.4,1.8,NE,41.0,E,NNE,7.0,9.0,78.0,58.0,1015.4,1007.0,7.0,7.0,10.0,15.4,Yes,Yes
99,2009-11-19,BadgerysCreek,14.4,36.7,0.0,,,SSW,30.0,NE,E,6.0,15.0,65.0,32.0,1010.9,1008.1,,,23.4,34.8,No,No
100,2015-12-21,Albany,16.5,23.0,0.0,8.2,,,,ENE,,19.0,,55.0,,1016.0,1013.3,1.0,,22.5,,No,No
101,2011-05-09,Dartmoor,5.0,14.3,1.2,1.0,6.4,SE,30.0,SSE,SSE,6.0,13.0,96.0,73.0,1025.0,1023.1,,,9.6,12.9,Yes,No
102,2017-06-02,Townsville,17.1,26.0,0.0,,,ESE,41.0,SSW,SE,20.0,20.0,57.0,53.0,1022.9,1019.6,8.0,5.0,20.7,24.7,No,No
103,2014-12-21,NorfolkIsland,19.7,22.6,34.4,5.6,0.0,SE,37.0,SE,SE,9.0,26.0,93.0,96.0,1014.1,1013.9,7.0,8.0,21.4,20.0,Yes,Yes
104,2011-08-02,Woomera,9.6,28.8,0.0,5.6,10.2,NNW,39.0,E,NNW,7.0,24.0,45.0,15.0,1018.0,1014.5,1.0,0.0,16.0,28.1,No,No
105,2014-10-22,Albury,10.8,29.0,0.0,,,N,30.0,SE,NE,9.0,11.0,76.0,43.0,1023.9,1018.7,2.0,,17.0,27.4,No,No
106,2011-12-27,Sydney,19.1,23.7,0.4,6.8,4.7,SSE,50.0,S,S,24.0,24.0,69.0,64.0,1010.0,1010.7,,,20.1,21.3,No,No
107,2017-05-12,Moree,8.2,24.8,0.0,,,E,30.0,E,ENE,20.0,13.0,53.0,33.0,1025.0,1020.9,,,16.8,23.7,No,No
108,2010-01-30,Townsville,23.1,29.1,78.4,3.2,0.0,NNE,81.0,E,NE,35.0,39.0,84.0,93.0,1004.1,999.8,8.0,8.0,26.6,26.5,Yes,Yes
109,2009-11-18,Brisbane,20.7,28.2,3.2,8.0,8.1,ENE,30.0,ESE,ENE,15.0,15.0,60.0,61.0,1013.0,1011.4,7.0,3.0,25.3,26.5,Yes,No
110,2017-04-09,Adelaide,13.3,17.5,2.6,,,SW,63.0,SW,SW,20.0,26.0,44.0,43.0,1019.0,1020.2,,,15.4,16.0,Yes,No
111,2009-12-31,Dartmoor,19.3,40.7,0.0,11.4,11.5,WNW,96.0,N,W,26.0,52.0,40.0,52.0,1008.5,1003.9,,,31.0,28.4,No,Yes
112,2010-11-20,MountGinini,4.7,18.5,0.8,,,N,28.0,SSW,NNW,9.0,9.0,68.0,57.0,,,,,10.7,17.8,No,No
113,2010-11-22,Witchcliffe,17.3,19.0,3.4,,,S,48.0,S,SSE,19.0,22.0,96.0,80.0,1011.3,1013.6,,,17.8,16.9,Yes,No
114,2011-10-15,Launceston,11.0,16.9,4.4,,,NNW,54.0,NW,NNW,9.0,22.0,93.0,62.0,1003.5,1000.4,,,14.5,16.3,Yes,Yes
115,2016-08-14,Uluru,10.8,23.1,0.0,,,ENE,44.0,E,E,31.0,22.0,34.0,23.0,1025.3,1021.2,8.0,2.0,15.6,22.8,No,No
116,2013-04-02,Sale,11.4,20.7,0.0,4.8,3.7,W,52.0,W,SW,20.0,20.0,73.0,85.0,1016.3,1016.6,8.0,8.0,16.2,16.0,No,No
117,2014-07-14,PerthAirport,6.4,17.8,14.6,0.6,7.2,SW,65.0,SW,W,28.0,22.0,70.0,40.0,1012.7,1014.0,4.0,2.0,14.3,17.7,Yes,Yes
118,2015-01-05,Dartmoor,10.0,27.1,0.0,7.6,13.6,ESE,43.0,SE,SE,24.0,22.0,78.0,37.0,1020.7,1019.5,,,16.5,25.3,No,No
119,2010-11-25,Mildura,19.9,29.4,0.0,7.8,9.9,WNW,30.0,WSW,WNW,6.0,17.0,95.0,44.0,1017.9,1016.0,7.0,7.0,20.5,27.4,No,No
120,2010-09-23,Watsonia,10.0,14.9,0.0,1.6,2.1,SW,30.0,SSW,SSW,15.0,13.0,73.0,59.0,1027.2,1025.0,7.0,7.0,10.6,13.8,No,No
121,2012-03-19,PearceRAAF,15.3,31.4,0.0,,11.0,NW,48.0,S,WSW,9.0,33.0,55.0,41.0,1006.2,1005.7,0.0,1.0,24.6,29.7,No,No
122,2015-08-07,Dartmoor,7.5,13.6,2.0,1.0,2.1,NW,20.0,NW,SW,7.0,2.0,,,1026.8,1025.3,,,9.3,13.4,Yes,No
123,2010-04-18,Launceston,10.2,24.2,0.0,,,N,11.0,E,NNW,4.0,7.0,82.0,49.0,1027.5,1025.2,,,14.8,23.4,No,No
124,2016-03-06,Sale,17.0,28.0,0.0,,,SE,31.0,SSE,ESE,2.0,20.0,83.0,61.0,1021.1,1018.6,8.0,,19.7,26.0,No,No
125,2012-11-07,Newcastle,19.8,28.2,0.0,,,,,,SE,0.0,11.0,77.0,58.0,,,7.0,8.0,22.5,26.0,No,No
126,2016-06-30,MountGinini,-3.0,-0.8,0.0,,,WNW,57.0,WNW,WNW,20.0,24.0,98.0,98.0,,,,,-2.8,-2.9,No,Yes
127,2013-10-10,SydneyAirport,17.1,37.8,0.0,10.0,10.0,S,80.0,NW,W,17.0,35.0,12.0,3.0,1009.2,1002.9,7.0,1.0,28.0,37.2,No,No
128,2014-08-04,Portland,3.9,13.8,0.0,1.4,7.2,NW,39.0,NNW,WNW,19.0,24.0,63.0,69.0,1032.4,1030.4,5.0,8.0,8.3,13.1,No,Yes
129,2016-04-25,Moree,10.9,27.9,0.0,7.8,10.7,SE,37.0,SE,SSE,20.0,15.0,45.0,29.0,1027.4,1023.2,1.0,2.0,21.0,26.9,No,No
130,2010-02-19,PearceRAAF,15.9,30.5,0.0,,6.4,SW,37.0,W,WSW,9.0,28.0,69.0,39.0,1015.9,1014.0,5.0,7.0,22.5,28.6,No,No
131,2012-01-27,Wollongong,19.2,23.5,10.4,,,SSW,39.0,SE,ESE,19.0,20.0,90.0,78.0,1018.5,1017.7,8.0,7.0,21.1,22.4,Yes,No
132,2014-09-09,Hobart,10.2,20.1,0.0,4.4,7.0,NNW,80.0,N,NW,26.0,43.0,55.0,33.0,996.2,995.6,6.0,3.0,17.0,18.3,No,No
133,2010-10-31,Bendigo,10.0,16.0,53.8,,,WSW,44.0,SW,WSW,22.0,22.0,87.0,70.0,1008.5,1012.7,6.0,8.0,11.4,13.8,Yes,Yes
134,2014-06-14,Sydney,11.8,19.9,5.0,2.4,3.9,W,31.0,WNW,W,17.0,19.0,89.0,53.0,1012.1,1009.2,8.0,2.0,14.3,19.2,Yes,No
135,2017-06-11,Ballarat,-0.3,13.7,0.0,,,NNW,35.0,N,WNW,15.0,24.0,100.0,74.0,1029.9,1026.4,,7.0,6.9,13.0,No,No
136,2016-06-16,Bendigo,1.9,12.0,0.2,,,NE,26.0,E,NE,7.0,13.0,93.0,87.0,1022.5,1016.8,5.0,8.0,5.6,10.3,No,Yes
137,2010-08-30,Perth,11.3,20.3,0.0,2.8,3.7,WSW,30.0,NE,WNW,6.0,4.0,88.0,90.0,1015.6,1013.4,7.0,7.0,14.8,15.3,No,Yes
138,2010-02-08,GoldCoast,21.1,28.9,55.0,,,SE,46.0,ESE,SE,28.0,31.0,77.0,61.0,1019.1,1017.6,,,26.0,28.1,Yes,Yes
139,2016-08-08,Albury,1.4,15.1,0.0,,,E,13.0,SSE,E,4.0,7.0,89.0,65.0,1026.7,1023.5,2.0,5.0,6.0,14.4,No,No
140,2010-11-12,Brisbane,19.0,28.0,0.0,6.6,11.0,NE,28.0,NNE,NNE,7.0,11.0,71.0,55.0,1016.9,1015.0,5.0,4.0,24.6,25.7,No,No
141,2017-01-27,MountGinini,8.5,22.6,0.0,,,NW,33.0,NNE,NW,11.0,11.0,51.0,52.0,,,,,16.0,20.4,No,No
142,2014-08-13,Penrith,9.0,17.8,0.2,,,SW,30.0,SSW,NNW,15.0,4.0,54.0,35.0,,,,,11.8,17.4,No,No
143,2015-08-19,Tuggeranong,-3.1,12.5,0.0,,,NNW,20.0,,N,0.0,9.0,83.0,48.0,1027.5,1024.8,,,3.7,12.0,No,No
144,2016-09-20,Sydney,10.0,20.6,0.0,6.4,8.7,WSW,28.0,WNW,NE,17.0,17.0,48.0,47.0,1018.9,1016.0,7.0,7.0,15.1,18.5,No,No
145,2011-11-20,MelbourneAirport,11.4,21.6,15.0,2.4,11.9,W,57.0,WSW,W,20.0,33.0,69.0,35.0,1013.9,1013.7,6.0,6.0,14.1,19.9,Yes,No
146,2014-11-27,BadgerysCreek,16.5,21.3,0.2,,,S,31.0,SSW,S,7.0,11.0,86.0,78.0,1022.4,1022.4,,,17.3,18.2,No,No
147,2010-11-13,AliceSprings,18.3,30.1,4.0,7.8,8.2,WSW,28.0,E,E,13.0,11.0,71.0,44.0,1009.7,1007.5,8.0,5.0,22.6,29.4,Yes,No
148,2014-04-30,Townsville,20.5,29.8,0.0,5.0,10.9,ENE,33.0,WSW,NE,6.0,26.0,66.0,64.0,1015.1,1010.9,1.0,3.0,25.8,28.1,No,No
149,2012-10-03,BadgerysCreek,5.0,30.6,0.0,,,NNE,24.0,N,ENE,4.0,7.0,61.0,22.0,1026.2,1019.8,,,17.7,28.7,No,No
150,2012-08-22,SydneyAirport,10.4,25.1,0.0,3.8,9.1,NE,48.0,NW,NNE,13.0,28.0,52.0,44.0,1015.2,1010.0,6.0,6.0,16.2,22.4,No,No
151,2009-11-22,Cobar,26.1,33.1,0.0,12.0,2.9,WNW,57.0,WNW,WNW,22.0,17.0,42.0,51.0,1006.1,1008.2,8.0,7.0,28.6,27.4,No,No
152,2016-10-25,Watsonia,7.6,24.0,0.2,6.0,8.4,N,57.0,NE,NNE,15.0,26.0,55.0,39.0,1014.7,1010.1,6.0,6.0,16.3,21.9,No,No
153,2013-10-31,Dartmoor,9.6,18.4,0.0,2.2,6.2,SSW,30.0,,E,0.0,4.0,82.0,61.0,1025.9,1024.1,,,12.0,17.0,No,No
154,2012-04-08,NorahHead,20.4,24.4,0.0,,,NNE,43.0,ENE,NE,24.0,26.0,80.0,81.0,1019.2,1013.9,,,21.4,23.1,No,No
155,2016-11-20,Tuggeranong,12.7,30.2,0.0,,,ESE,43.0,W,WSW,2.0,9.0,74.0,66.0,1019.5,1017.2,,,19.0,21.6,No,Yes
156,2011-10-05,Mildura,14.1,17.4,0.0,7.8,1.4,NE,33.0,,NNE,0.0,22.0,80.0,88.0,1015.6,1012.9,8.0,8.0,14.6,14.3,No,Yes
157,2013-01-19,Penrith,20.6,26.2,0.2,,,SE,31.0,SE,S,11.0,15.0,68.0,80.0,,,,,22.7,20.3,No,No
158,2016-03-22,Nuriootpa,7.2,29.0,0.0,4.4,10.9,NE,31.0,NE,NNW,11.0,9.0,51.0,18.0,1017.1,1014.9,1.0,2.0,17.8,27.5,No,No
159,2012-01-07,WaggaWagga,14.3,33.1,0.0,9.6,10.6,ENE,37.0,ENE,N,20.0,15.0,50.0,20.0,1012.1,1007.2,5.0,5.0,20.2,31.6,No,No
160,2017-06-03,PerthAirport,9.1,23.1,0.0,1.4,7.7,SSW,28.0,N,S,13.0,9.0,86.0,57.0,1027.8,1025.3,5.0,7.0,14.7,22.9,No,No
161,2008-07-23,Sydney,5.5,14.7,0.0,4.0,4.0,,,W,SSW,22.0,19.0,67.0,61.0,1031.5,1029.6,6.0,6.0,7.0,14.1,No,Yes
162,2009-09-19,Darwin,22.1,33.0,0.0,7.6,10.9,N,37.0,SSE,NNW,11.0,28.0,60.0,52.0,1014.6,1009.8,3.0,4.0,28.2,31.4,No,No
163,2016-07-13,Cairns,20.0,28.0,0.0,5.4,,SE,54.0,SSE,SE,20.0,31.0,75.0,57.0,1017.8,1014.9,,3.0,24.5,27.3,No,Yes
164,2015-04-29,Tuggeranong,0.4,16.5,0.0,,,ENE,20.0,ENE,NE,6.0,7.0,77.0,47.0,1031.2,1028.1,,,9.7,15.9,No,No
165,2016-01-03,PearceRAAF,19.3,38.1,0.0,,12.3,SE,43.0,SE,ESE,24.0,19.0,43.0,25.0,1011.7,1008.8,,1.0,28.5,37.3,No,No
166,2013-05-26,Moree,3.2,20.8,0.0,3.4,10.0,SW,26.0,,SW,0.0,15.0,75.0,29.0,1026.8,1023.4,0.0,0.0,12.1,20.7,No,No
167,2013-10-22,Townsville,21.2,30.5,0.0,9.8,8.5,ENE,41.0,ESE,ENE,26.0,31.0,59.0,63.0,1015.6,1012.6,7.0,6.0,27.7,28.1,No,No
168,2013-08-15,Moree,5.4,18.7,0.0,2.4,10.7,SSW,52.0,SSW,SSW,31.0,28.0,56.0,18.0,1022.1,1019.9,1.0,,11.3,18.0,No,No
169,2015-05-08,Hobart,4.1,15.8,4.6,2.0,2.6,WNW,80.0,NNW,WNW,22.0,26.0,63.0,57.0,1001.8,997.8,5.0,7.0,13.3,15.2,Yes,No
170,2012-01-31,Moree,22.6,27.9,6.8,6.2,2.2,NW,39.0,N,E,13.0,13.0,95.0,92.0,1006.2,1004.7,7.0,7.0,23.6,25.0,Yes,Yes
171,2015-04-23,Mildura,9.7,20.7,0.0,,6.3,SSW,26.0,S,SW,13.0,13.0,85.0,54.0,1017.7,1013.0,,5.0,13.0,20.3,No,No
172,2015-11-29,Newcastle,20.9,29.0,0.0,,,,,NE,,28.0,,75.0,,,,8.0,,22.9,,No,No
173,2014-01-21,Launceston,13.9,24.3,0.0,,,NNW,43.0,N,W,11.0,22.0,75.0,38.0,1008.2,1005.4,,,17.8,23.2,No,No
174,2010-04-22,GoldCoast,18.6,26.1,4.0,,,SSE,39.0,S,SSE,19.0,17.0,71.0,67.0,1022.2,1019.9,,,24.0,25.1,Yes,Yes
175,2016-07-31,Penrith,7.8,20.2,0.0,,,WNW,9.0,,WNW,0.0,4.0,98.0,46.0,,,,,9.8,19.7,No,No
176,2009-06-20,Mildura,7.2,16.1,0.0,1.2,1.7,N,35.0,NNE,NNE,20.0,22.0,87.0,65.0,1019.2,1015.5,7.0,7.0,9.8,15.9,No,No
177,2009-05-06,SydneyAirport,13.1,22.6,0.8,3.2,9.7,NE,30.0,NW,NNE,9.0,22.0,78.0,60.0,1028.2,1023.2,3.0,3.0,16.6,20.8,No,No
178,2015-03-04,MelbourneAirport,12.9,25.0,0.0,5.0,10.8,W,41.0,W,WNW,17.0,11.0,68.0,37.0,1015.6,1012.0,1.0,1.0,15.8,22.8,No,No
179,2012-05-29,Moree,5.9,22.4,0.0,2.8,10.0,E,26.0,ESE,SW,15.0,13.0,66.0,35.0,1027.2,1025.4,1.0,1.0,14.2,21.9,No,No
180,2015-08-08,Walpole,9.6,12.9,11.4,,,WSW,50.0,WNW,W,19.0,13.0,98.0,91.0,1008.4,1009.3,,,10.0,7.2,Yes,Yes
181,2015-06-14,Williamtown,7.4,19.8,,,,NW,20.0,NW,SSE,17.0,13.0,89.0,69.0,1028.4,1025.4,8.0,1.0,11.0,18.1,,Yes
182,2010-06-07,Sydney,9.1,15.5,4.2,3.4,3.9,,,W,SSW,24.0,20.0,60.0,77.0,1024.3,1023.0,2.0,7.0,10.6,14.3,Yes,No
183,2014-04-24,GoldCoast,17.3,28.2,0.0,,,NNE,30.0,NW,NE,13.0,24.0,64.0,54.0,1017.5,1013.7,,,23.3,26.3,No,No
184,2009-05-05,Tuggeranong,4.0,17.9,0.0,,,NNE,20.0,,NNW,0.0,11.0,75.0,47.0,1032.5,1028.4,,,9.5,17.5,No,No
185,2009-03-25,Wollongong,19.3,24.0,0.0,,,NW,33.0,N,N,17.0,15.0,86.0,81.0,1019.2,1017.7,,,20.0,21.0,No,Yes
186,2016-06-16,Canberra,-3.8,15.1,0.2,,,NNW,35.0,,NNW,0.0,24.0,92.0,60.0,1026.9,1020.7,,,1.5,14.3,No,Yes
187,2009-02-28,WaggaWagga,18.5,35.1,0.0,7.2,11.8,W,59.0,ENE,WSW,9.0,31.0,34.0,7.0,1008.8,1005.0,1.0,1.0,24.7,34.4,No,No
188,2014-02-09,Ballarat,21.1,34.3,0.0,,,NW,61.0,N,WSW,33.0,33.0,20.0,28.0,1008.3,1013.5,,,29.7,26.4,No,No
189,2009-07-04,Brisbane,10.6,19.1,0.0,8.0,9.9,W,44.0,W,W,17.0,24.0,50.0,34.0,1015.1,1013.0,0.0,1.0,13.0,18.4,No,No
190,2014-12-28,Moree,17.5,22.7,6.2,21.8,0.0,SSE,33.0,SE,SSE,17.0,15.0,93.0,94.0,1014.9,1011.7,8.0,8.0,17.6,20.3,Yes,Yes
191,2011-08-26,SydneyAirport,10.4,19.4,0.0,4.0,10.4,SSE,33.0,SSE,ESE,20.0,17.0,78.0,63.0,1025.6,1022.8,3.0,1.0,16.9,19.0,No,No
192,2010-03-11,Tuggeranong,10.4,20.2,0.0,,,S,41.0,S,E,22.0,17.0,62.0,41.0,1032.2,1030.8,,,12.3,19.8,No,No
193,2013-08-04,GoldCoast,10.9,23.2,0.0,,,WNW,35.0,NW,NNW,17.0,13.0,57.0,31.0,1018.4,1014.7,,,15.5,23.1,No,No
194,2011-09-10,Witchcliffe,3.6,19.3,0.0,,,SSE,26.0,NE,W,13.0,13.0,77.0,55.0,1038.2,1034.4,,,11.3,17.4,No,No
195,2011-08-24,CoffsHarbour,13.1,20.2,19.0,2.0,8.3,SSW,39.0,SW,S,19.0,28.0,69.0,99.0,1028.7,1025.7,5.0,2.0,16.1,18.9,Yes,No
196,2016-03-27,Launceston,5.1,20.1,0.0,,,NNW,22.0,E,WNW,4.0,7.0,76.0,39.0,,,,2.0,10.4,19.2,No,No
197,2011-06-22,PearceRAAF,7.3,20.8,0.0,,9.2,ENE,30.0,ENE,N,19.0,11.0,68.0,50.0,1024.2,1019.9,0.0,0.0,13.8,20.3,No,No
198,2013-11-09,Dartmoor,4.8,14.6,2.0,1.8,3.6,SSW,41.0,SSW,S,17.0,22.0,78.0,82.0,1019.0,1021.1,,,11.9,11.5,Yes,No
199,2017-02-06,MelbourneAirport,14.1,17.2,25.6,7.6,0.0,S,41.0,S,SSE,17.0,24.0,94.0,60.0,1016.0,1017.2,8.0,8.0,14.3,16.3,Yes,No
200,2015-06-05,Darwin,20.8,32.2,0.0,8.0,11.0,ESE,48.0,SE,E,24.0,24.0,36.0,23.0,1015.5,1011.8,1.0,1.0,23.5,31.6,No,No
201,2009-06-25,NorahHead,10.2,17.3,0.0,,,W,28.0,NW,WSW,15.0,9.0,72.0,56.0,1015.0,1012.2,,,12.8,15.9,No,No
202,2013-03-09,MountGambier,16.3,33.5,0.0,4.8,4.5,S,35.0,NNE,S,7.0,26.0,83.0,37.0,1014.5,1012.8,3.0,7.0,21.2,30.3,No,Yes
203,2015-02-19,Walpole,18.5,23.9,0.0,,,SE,33.0,SSE,SSE,9.0,15.0,73.0,57.0,1018.2,1017.2,,,20.1,22.7,No,No
204,2011-08-04,Darwin,19.0,30.5,0.0,7.0,10.6,E,52.0,E,SSE,28.0,15.0,59.0,29.0,1015.9,1011.2,2.0,1.0,23.3,29.1,No,No
205,2016-10-28,PerthAirport,5.9,22.2,0.0,6.4,12.2,W,44.0,SW,WSW,15.0,28.0,54.0,38.0,1015.3,1012.0,0.0,1.0,17.8,20.8,No,No
206,2016-10-03,Moree,14.5,18.2,1.2,,,SW,44.0,NNW,SW,15.0,22.0,84.0,88.0,1007.3,1007.7,7.0,8.0,16.0,13.8,Yes,Yes
207,2015-07-08,Sale,0.1,12.5,2.2,,,E,20.0,,E,0.0,17.0,99.0,62.0,1028.9,1027.1,2.0,,4.6,12.3,Yes,No
208,2016-11-17,Penrith,15.9,28.9,0.0,,,NNE,30.0,NW,NE,4.0,11.0,68.0,36.0,,,,,19.3,27.5,No,No
209,2012-08-16,Bendigo,5.5,12.5,0.8,,,NW,39.0,NNW,N,11.0,20.0,99.0,73.0,1013.3,1007.5,8.0,7.0,7.3,10.9,No,Yes
210,2014-01-08,Cobar,17.6,34.4,0.0,11.4,,E,46.0,ENE,ENE,28.0,19.0,46.0,21.0,1014.1,1011.3,2.0,7.0,23.1,32.0,No,No
211,2009-11-15,Nuriootpa,14.9,39.6,0.0,,,SW,43.0,N,SW,7.0,22.0,18.0,7.0,1011.7,1009.5,,,31.6,37.5,No,No
212,2014-05-13,Moree,9.1,25.4,0.0,4.8,10.5,SSE,30.0,NE,SSE,7.0,20.0,55.0,20.0,1028.6,1023.7,0.0,1.0,17.3,24.7,No,No
213,2010-09-27,Richmond,6.6,28.8,0.0,10.2,,WNW,54.0,NE,WNW,2.0,24.0,72.0,27.0,1014.7,1008.1,,,16.4,27.4,No,No
214,2012-11-08,Dartmoor,9.9,17.9,0.6,4.4,9.0,WSW,37.0,NNW,SW,9.0,19.0,99.0,63.0,1013.1,1013.7,,,14.0,16.3,No,Yes
215,2011-09-06,Moree,8.5,23.5,0.0,4.6,10.8,NNE,33.0,NE,N,19.0,13.0,60.0,28.0,1024.3,1018.7,1.0,1.0,16.1,22.6,No,No
216,2009-08-22,Cairns,15.7,27.9,0.0,5.6,10.7,NE,33.0,ESE,NE,17.0,17.0,60.0,56.0,1017.6,1014.2,1.0,1.0,23.3,26.0,No,No
217,2015-08-23,Woomera,12.5,18.5,1.6,4.8,6.3,SSW,59.0,E,S,30.0,28.0,83.0,87.0,1013.6,1012.3,6.0,7.0,13.8,16.2,Yes,Yes
218,2015-10-03,BadgerysCreek,8.8,33.0,0.0,,,WSW,22.0,N,NNE,6.0,7.0,70.0,22.0,,,,,19.4,32.3,No,No
219,2012-05-19,SalmonGums,2.9,21.5,0.0,,,NE,30.0,NE,NE,13.0,11.0,88.0,33.0,,,,,13.9,20.0,No,No
220,2011-11-04,Newcastle,10.5,22.3,0.6,,,,,,SE,0.0,6.0,79.0,56.0,,,1.0,2.0,19.0,21.4,No,No
221,2010-08-10,SalmonGums,-4.4,15.6,0.0,,,N,28.0,NE,NE,15.0,11.0,71.0,38.0,,,,,8.2,15.1,No,No
222,2017-01-28,Mildura,17.1,38.7,0.0,8.4,13.1,WNW,31.0,ENE,WSW,9.0,17.0,33.0,11.0,1013.8,1012.2,0.0,,26.2,36.9,No,No
223,2014-12-20,Dartmoor,8.8,23.9,0.0,5.4,11.8,SW,30.0,,SSW,0.0,15.0,97.0,50.0,1020.0,1017.9,,,15.0,22.0,No,No
224,2017-06-11,NorahHead,13.0,17.1,14.0,,,N,28.0,WSW,SSW,11.0,11.0,100.0,91.0,1028.8,1025.7,,,14.1,16.7,Yes,No
225,2016-02-08,Cairns,26.8,34.8,0.0,7.2,9.1,SE,35.0,SSE,SE,11.0,17.0,77.0,65.0,1009.5,1005.5,7.0,3.0,31.6,32.9,No,Yes
226,2010-10-26,MelbourneAirport,8.3,22.5,0.0,5.2,6.6,N,43.0,N,S,31.0,19.0,52.0,46.0,1015.4,1014.9,7.0,7.0,16.9,19.1,No,Yes
227,2016-10-23,Bendigo,2.9,14.7,0.8,,,SSE,37.0,S,SW,24.0,20.0,63.0,47.0,1025.2,1023.5,,7.0,10.1,14.3,No,No
228,2009-01-11,Newcastle,17.4,27.6,0.0,,,,,NE,SE,6.0,46.0,59.0,74.0,,,1.0,1.0,22.6,22.6,No,No
229,2011-11-24,Witchcliffe,13.9,33.1,0.0,,,N,72.0,NNE,N,37.0,46.0,26.0,23.0,1012.1,1011.2,,,28.1,31.9,No,No
230,2008-11-28,Melbourne,15.5,20.7,0.4,7.2,1.3,SSE,33.0,S,SSE,4.0,19.0,75.0,63.0,1004.8,1004.4,8.0,7.0,17.2,18.5,No,Yes
231,2014-07-21,Hobart,2.1,9.9,0.0,1.2,7.8,NW,33.0,NNW,NNW,17.0,13.0,93.0,68.0,1027.6,1025.1,7.0,7.0,2.7,9.7,No,No
232,2010-03-08,Watsonia,16.0,22.4,35.8,7.0,6.4,NNW,54.0,N,N,7.0,22.0,99.0,75.0,1006.4,1004.7,6.0,7.0,17.1,19.2,Yes,Yes
233,2016-11-28,PerthAirport,13.4,29.9,0.0,9.2,13.1,W,37.0,E,WSW,6.0,26.0,45.0,40.0,1015.4,1013.3,1.0,0.0,22.9,26.6,No,No
234,2013-05-10,Canberra,0.5,24.1,0.0,3.2,,ENE,26.0,SSE,NW,7.0,9.0,72.0,27.0,1033.2,1029.0,0.0,,10.3,23.8,No,No
235,2009-04-18,Richmond,10.2,23.5,0.0,,,ESE,31.0,,S,0.0,17.0,77.0,45.0,1020.6,1017.6,,,17.0,23.0,No,No
236,2014-06-14,CoffsHarbour,14.8,19.2,0.2,,,,,,,,,85.0,75.0,,,,,17.6,19.1,No,No
237,2012-07-21,Penrith,6.8,16.2,0.0,,,SW,26.0,SSW,SW,13.0,7.0,68.0,54.0,,,,,13.1,15.2,No,No
238,2016-11-20,Witchcliffe,11.8,19.9,0.0,,,SSE,39.0,SSW,S,22.0,24.0,53.0,50.0,1017.5,1018.2,,,17.8,16.2,No,No
239,2013-04-16,Newcastle,,,,,,,,,,,,,,,,,,,,,
240,2014-01-08,Wollongong,14.8,20.8,27.4,,,SE,41.0,SW,SSE,17.0,13.0,80.0,70.0,1024.2,1023.0,8.0,8.0,17.5,19.4,Yes,No
241,2012-09-01,Canberra,-6.8,14.5,5.8,,8.6,S,48.0,NNE,S,7.0,24.0,,34.0,1023.5,1021.6,1.0,4.0,2.0,12.7,Yes,No
242,2013-03-30,MelbourneAirport,12.3,21.6,0.0,2.2,1.9,NNW,39.0,N,NNW,24.0,24.0,60.0,49.0,1016.3,1012.5,7.0,7.0,14.8,20.8,No,Yes
243,2011-05-19,PearceRAAF,13.2,24.9,0.0,,9.4,NNW,39.0,NNE,NNW,13.0,19.0,66.0,34.0,1021.0,1017.4,0.0,4.0,17.5,24.2,No,No
244,2015-08-16,MountGambier,6.3,15.4,0.4,2.0,4.7,WNW,54.0,NNW,WNW,19.0,31.0,100.0,69.0,1026.4,1021.8,7.0,7.0,10.1,13.4,No,No
245,2015-02-21,Penrith,20.1,25.6,7.4,,,NE,26.0,SSW,SSW,4.0,9.0,92.0,76.0,,,,,21.9,24.3,Yes,Yes
246,2013-07-17,PerthAirport,8.7,15.0,12.2,2.4,8.5,SSW,57.0,S,SSW,24.0,26.0,65.0,43.0,1020.4,1020.4,1.0,3.0,10.4,14.2,Yes,No
247,2016-04-13,Canberra,11.5,22.6,0.0,,,ENE,33.0,ESE,NE,13.0,11.0,66.0,43.0,1028.3,1025.7,8.0,2.0,15.8,21.1,No,No
248,2011-11-09,NorahHead,19.1,26.4,2.6,,,NNE,41.0,N,ENE,4.0,20.0,82.0,75.0,1014.8,1011.6,,,22.6,24.5,Yes,No
249,2013-06-09,SydneyAirport,11.1,20.5,0.0,7.0,6.9,NE,31.0,NW,NE,11.0,26.0,66.0,58.0,1028.6,1024.0,4.0,7.0,14.5,18.7,No,No
250,2013-09-21,Adelaide,9.7,25.4,,,9.2,WSW,50.0,NNE,N,13.0,17.0,48.0,37.0,1013.7,1009.7,,,19.9,24.2,,No
251,2013-08-12,NorahHead,12.7,26.3,0.0,,,W,48.0,NNW,SW,13.0,19.0,63.0,41.0,1006.7,1004.7,,,17.9,20.8,No,No
252,2009-08-24,Richmond,10.7,24.5,0.0,9.6,,W,72.0,E,NW,11.0,20.0,60.0,68.0,1005.5,1006.2,,,21.7,18.2,No,No
253,2014-10-19,Wollongong,14.1,22.3,0.0,,,NE,43.0,N,NNE,4.0,30.0,55.0,72.0,1026.5,1021.5,,,18.5,20.4,No,No
254,2017-02-27,Woomera,17.8,36.2,0.0,11.0,,SW,31.0,SE,SSE,15.0,9.0,35.0,9.0,1016.0,1013.7,1.0,,23.3,33.9,No,No
255,2010-01-24,Dartmoor,5.1,24.5,0.0,5.2,12.8,SSW,39.0,SE,SSW,11.0,28.0,71.0,45.0,1017.3,1014.9,,,14.3,22.3,No,No
256,2011-10-06,GoldCoast,15.0,20.8,2.6,,,N,39.0,WNW,NNE,11.0,11.0,93.0,77.0,1017.4,1013.4,,,16.6,18.9,Yes,Yes
257,2011-11-12,NorahHead,18.5,23.5,0.0,,,NNE,31.0,N,ENE,20.0,11.0,87.0,79.0,1018.8,1015.2,,,18.9,22.4,No,Yes
258,2011-09-21,Witchcliffe,11.5,17.2,15.4,,,W,57.0,W,WSW,17.0,30.0,70.0,62.0,1010.4,1011.8,,,14.8,14.6,Yes,Yes
259,2011-01-29,Watsonia,9.5,29.6,0.0,6.4,12.5,SSW,26.0,ENE,NW,6.0,9.0,73.0,34.0,1019.7,1017.4,3.0,4.0,15.3,29.3,No,No
260,2014-06-06,CoffsHarbour,10.4,22.0,0.2,,,,,,,,,78.0,63.0,,,,,17.7,21.1,No,No
261,2009-12-12,NorfolkIsland,17.7,24.7,0.0,,6.5,SSW,26.0,,SSE,,9.0,,61.0,,1015.3,,7.0,,23.2,No,No
262,2015-10-02,Witchcliffe,17.5,22.0,0.0,,,NNW,52.0,NW,NNW,19.0,31.0,81.0,78.0,1018.0,1016.3,,,19.5,19.7,No,Yes
263,2009-03-09,GoldCoast,24.2,28.1,0.0,,,SE,65.0,SE,SE,43.0,44.0,66.0,69.0,1016.5,1014.0,,,25.7,26.1,No,Yes
264,2015-02-23,Townsville,26.3,34.5,3.2,8.2,9.5,W,41.0,SE,NE,11.0,17.0,67.0,67.0,1009.7,1006.0,7.0,3.0,31.3,33.1,Yes,No
265,2012-08-23,Nuriootpa,7.8,10.6,0.6,1.8,5.3,WNW,72.0,WNW,,35.0,,78.0,,1003.3,,6.0,,8.9,,No,Yes
266,2014-07-06,Penrith,1.8,18.2,0.0,,,W,28.0,,WNW,0.0,15.0,84.0,35.0,,,,,7.2,17.0,No,No
267,2009-07-10,Walpole,9.7,13.7,18.8,,,WSW,57.0,W,W,22.0,24.0,88.0,65.0,1002.2,1004.7,,,10.5,12.3,Yes,Yes
268,2014-05-30,BadgerysCreek,12.9,20.6,0.0,,,WSW,17.0,SW,ESE,9.0,9.0,73.0,65.0,1027.1,1024.7,,,15.6,18.9,No,No
269,2015-09-05,Launceston,3.3,16.2,0.0,,,SE,37.0,ESE,ESE,2.0,7.0,78.0,41.0,,,,6.0,10.0,14.5,No,No
270,2016-11-25,Sydney,14.7,25.5,0.0,8.8,13.1,ESE,37.0,W,ESE,20.0,22.0,33.0,46.0,1012.8,1012.5,4.0,2.0,20.6,23.4,No,No
271,2016-10-18,WaggaWagga,6.0,18.7,0.0,4.0,,WNW,43.0,N,WNW,13.0,28.0,74.0,49.0,1014.1,1012.0,7.0,8.0,11.2,16.7,No,No
272,2012-03-26,MountGambier,5.3,21.0,0.0,1.2,7.7,S,31.0,NNE,S,11.0,9.0,93.0,43.0,1024.2,1022.2,7.0,7.0,13.0,19.8,No,No
273,2014-12-10,Canberra,13.8,30.8,0.0,,,NNW,61.0,NW,NNW,6.0,6.0,73.0,37.0,1013.6,1008.2,8.0,,19.4,28.7,No,Yes
274,2015-03-18,NorahHead,20.0,28.0,0.0,,,SSE,59.0,N,NE,17.0,28.0,84.0,73.0,1007.6,1002.9,,,21.6,25.8,No,Yes
275,2014-10-16,Portland,9.6,14.2,3.8,1.6,9.5,,,SW,SSW,15.0,17.0,77.0,68.0,1021.0,1023.0,8.0,5.0,11.6,12.9,Yes,
276,2012-11-01,Albany,13.5,16.3,0.4,3.8,0.4,,,ENE,E,26.0,30.0,81.0,85.0,1021.6,1017.0,8.0,8.0,14.5,14.4,No,Yes
277,2012-08-30,Richmond,5.4,22.4,0.0,,,W,56.0,W,W,24.0,33.0,39.0,23.0,1011.0,1010.0,,,18.6,19.3,No,No
278,2015-11-04,Moree,21.9,31.5,0.4,10.6,3.2,SSW,52.0,NE,S,19.0,39.0,74.0,55.0,1013.9,1010.9,7.0,8.0,24.2,28.1,No,Yes
279,2009-10-25,MountGambier,7.3,15.5,0.0,3.2,11.4,S,52.0,SSE,SSE,30.0,33.0,57.0,50.0,1024.9,1025.7,6.0,4.0,13.2,14.3,No,No
280,2013-08-06,Katherine,9.5,31.0,0.0,5.4,,ESE,43.0,E,ESE,11.0,19.0,48.0,13.0,1017.1,1013.2,0.0,0.0,20.0,30.0,No,No
281,2013-12-13,NorahHead,18.6,27.7,0.0,,,NE,46.0,NNE,NE,15.0,30.0,76.0,71.0,1012.5,1010.0,,,22.3,25.9,No,No
282,2015-04-06,Nuriootpa,6.4,14.0,9.2,5.6,5.0,SW,63.0,SSW,WSW,17.0,39.0,92.0,66.0,1009.7,1010.0,6.0,,11.1,10.8,Yes,Yes
283,2012-01-31,SydneyAirport,24.8,27.4,0.0,11.2,2.4,S,59.0,SW,SE,22.0,35.0,52.0,68.0,1005.5,1008.4,6.0,7.0,25.5,24.0,No,Yes
284,2010-05-23,Adelaide,12.9,16.7,0.0,,0.4,NE,54.0,NE,NNE,17.0,24.0,42.0,56.0,1014.6,1010.2,,,14.9,13.9,No,Yes
285,2016-05-17,Mildura,7.8,20.2,0.4,2.9,,W,22.0,W,W,7.0,7.0,89.0,43.0,1021.1,1019.3,0.0,0.0,12.0,19.8,No,No
286,2010-05-31,Adelaide,11.6,17.2,2.0,1.8,4.6,SSE,28.0,SSW,S,7.0,9.0,77.0,56.0,1021.1,1018.3,,,13.7,16.9,Yes,No
287,2012-01-05,Launceston,10.9,23.5,0.0,,,W,33.0,N,WNW,2.0,17.0,51.0,31.0,1015.9,1011.5,,,15.4,23.0,No,No
288,2016-10-20,NorfolkIsland,15.8,22.4,0.0,3.8,,SW,26.0,NE,WSW,11.0,11.0,63.0,66.0,1019.8,1018.2,1.0,4.0,21.2,20.9,No,Yes
289,2009-01-26,Portland,6.9,21.5,0.0,5.2,13.4,SE,33.0,SE,ESE,9.0,19.0,86.0,63.0,1022.6,1021.4,6.0,5.0,16.6,20.4,No,No
290,2015-08-23,SydneyAirport,15.2,19.7,3.4,6.4,0.2,SW,28.0,N,NNW,13.0,17.0,84.0,62.0,1021.4,1018.2,7.0,7.0,16.5,19.4,Yes,Yes
291,2011-12-05,Cobar,14.2,26.7,0.0,10.0,,E,41.0,E,E,19.0,19.0,52.0,21.0,1015.0,1011.3,6.0,7.0,17.7,25.8,No,No
292,2014-05-20,Witchcliffe,15.1,21.0,7.6,,,NNW,30.0,,NNW,0.0,9.0,100.0,96.0,1015.3,1013.2,,,15.8,17.8,Yes,Yes
293,2010-11-02,PerthAirport,11.6,34.4,0.0,6.6,12.7,NNE,54.0,NE,NE,30.0,13.0,11.0,5.0,1018.2,1014.1,0.0,2.0,27.6,33.7,No,No
294,2015-09-02,MelbourneAirport,8.1,18.3,0.0,4.4,0.8,N,56.0,NNE,NE,24.0,11.0,63.0,44.0,1012.4,1006.8,7.0,7.0,11.3,16.4,No,Yes
295,2009-07-20,Adelaide,12.0,21.7,0.0,6.8,8.4,NNW,54.0,N,NNW,22.0,24.0,38.0,21.0,1013.1,1010.6,,,14.5,20.9,No,No
296,2017-05-06,Wollongong,14.6,24.1,0.0,,,N,39.0,NW,N,24.0,15.0,65.0,49.0,1024.8,1020.2,7.0,,18.0,23.1,No,No
297,2015-07-28,Portland,5.7,12.6,2.4,0.6,6.4,W,37.0,N,W,13.0,17.0,97.0,90.0,1035.1,1033.5,8.0,7.0,7.9,10.7,Yes,Yes
298,2009-07-27,Walpole,8.9,16.3,1.4,,,WNW,33.0,NW,W,15.0,19.0,86.0,67.0,1031.1,1029.6,,,10.8,14.7,Yes,No
299,2012-09-06,Moree,13.7,27.7,0.0,,,N,44.0,N,NNW,31.0,28.0,59.0,26.0,1016.3,1011.5,,2.0,17.6,27.1,No,No
300,2013-04-09,Cobar,14.4,28.7,0.0,6.8,,E,31.0,ENE,ESE,19.0,17.0,37.0,19.0,1024.2,1020.2,3.0,5.0,21.4,27.6,No,No
301,2011-01-24,CoffsHarbour,16.6,28.7,0.0,6.0,9.3,NE,54.0,N,NE,15.0,37.0,61.0,59.0,1009.4,1006.3,1.0,6.0,24.2,26.9,No,No
302,2010-06-18,Albury,3.0,12.2,2.2,,,W,24.0,NW,W,7.0,13.0,88.0,70.0,1019.6,1018.0,7.0,2.0,6.9,10.9,Yes,Yes
303,2017-01-28,BadgerysCreek,16.2,39.4,0.0,,,NE,37.0,NNE,NNE,11.0,9.0,75.0,29.0,1016.0,1010.6,,,23.9,37.6,No,No
304,2015-01-20,Nuriootpa,16.4,31.8,0.0,10.6,3.1,W,52.0,N,WNW,15.0,30.0,27.0,24.0,1001.9,998.4,8.0,6.0,23.8,30.3,No,No
305,2010-03-07,MountGinini,12.7,14.5,8.0,,,ENE,65.0,ENE,ENE,30.0,33.0,99.0,99.0,,,,,12.8,13.5,Yes,Yes
306,2015-11-29,Brisbane,24.1,31.0,0.2,6.7,8.7,WNW,57.0,NNE,NE,7.0,15.0,58.0,64.0,1013.6,1009.1,3.0,6.0,29.7,29.0,No,Yes
307,2009-02-23,Nuriootpa,10.6,28.9,0.0,7.8,11.2,WSW,44.0,,W,0.0,28.0,50.0,21.0,1012.2,1012.9,6.0,1.0,19.5,27.9,No,No
308,2009-06-30,Hobart,7.0,16.7,0.2,1.0,1.5,N,65.0,NNW,N,11.0,31.0,71.0,59.0,995.1,987.6,6.0,7.0,13.6,16.6,No,Yes
309,2014-07-26,Portland,10.8,14.0,3.0,1.8,8.1,WSW,35.0,WSW,W,15.0,20.0,84.0,76.0,1024.0,1024.3,8.0,7.0,12.1,13.0,Yes,No
310,2017-05-07,Mildura,3.2,17.3,0.0,,,S,28.0,SSW,S,7.0,13.0,76.0,35.0,1031.9,1029.8,,,7.9,16.7,No,No
311,2010-11-03,Hobart,4.5,14.3,4.0,2.2,7.0,SSW,44.0,NE,S,15.0,13.0,55.0,80.0,1018.0,1019.6,3.0,7.0,11.6,9.6,Yes,Yes
312,2012-03-05,Moree,20.0,32.1,0.0,7.8,7.8,SW,46.0,N,WNW,13.0,20.0,71.0,52.0,1012.7,1009.7,5.0,7.0,25.4,30.4,No,No
313,2009-05-07,Launceston,4.1,16.6,0.0,1.8,,ESE,35.0,ESE,SSE,13.0,20.0,69.0,39.0,1023.8,1023.8,,,11.9,16.1,No,No
314,2012-05-09,Townsville,16.9,29.0,0.0,4.4,11.1,ENE,41.0,S,E,7.0,28.0,58.0,50.0,1018.7,1016.3,1.0,1.0,25.0,27.6,No,No
315,2016-02-06,CoffsHarbour,19.5,24.8,11.8,,,SSW,48.0,SW,SSE,28.0,30.0,86.0,79.0,1014.4,1013.2,7.0,8.0,21.2,23.7,Yes,Yes
316,2009-08-27,Portland,10.2,14.9,1.8,2.4,4.8,WNW,65.0,NNW,WNW,24.0,39.0,87.0,75.0,1007.7,1006.6,5.0,6.0,11.1,14.5,Yes,Yes
317,2009-04-22,Wollongong,15.7,20.3,19.6,,,SE,50.0,SW,SSE,17.0,26.0,86.0,77.0,1025.1,1023.3,8.0,8.0,16.2,18.5,Yes,Yes
318,2009-04-17,Dartmoor,10.0,18.9,1.2,3.0,7.2,W,35.0,NNW,WSW,13.0,17.0,98.0,72.0,1017.1,1017.6,,,13.4,18.7,Yes,Yes
319,2009-09-29,Watsonia,7.8,18.6,0.4,2.2,8.4,NNW,30.0,N,NW,6.0,9.0,59.0,43.0,1015.6,1011.5,6.0,4.0,11.0,18.1,No,No
320,2012-10-28,SalmonGums,12.8,33.6,0.0,,,N,48.0,N,NW,26.0,7.0,24.0,10.0,,,,,24.5,32.6,No,No
321,2012-01-06,Bendigo,11.0,27.2,0.0,,,SE,43.0,SSE,E,26.0,17.0,49.0,20.0,1017.2,1013.0,1.0,5.0,16.2,25.1,No,No
322,2008-11-01,Canberra,10.5,20.6,0.0,13.0,7.7,ENE,41.0,ESE,NE,4.0,20.0,69.0,48.0,1021.2,1021.5,7.0,6.0,16.3,19.7,No,No
323,2016-05-05,Sydney,13.5,22.4,0.0,4.0,10.1,W,28.0,WNW,E,13.0,20.0,55.0,54.0,1020.7,1016.9,1.0,1.0,16.2,21.3,No,No
324,2014-03-21,Wollongong,19.0,25.8,2.6,,,ENE,50.0,NNE,NE,9.0,35.0,72.0,72.0,1022.0,1018.0,,,21.7,24.2,Yes,No
325,2014-03-08,Nuriootpa,12.9,28.2,0.0,5.8,11.8,SE,39.0,ENE,NE,15.0,15.0,78.0,32.0,1020.6,1016.8,1.0,1.0,17.0,26.3,No,No
326,2010-07-27,Albany,10.2,17.6,0.0,2.0,8.7,,,NNW,WSW,13.0,11.0,82.0,65.0,1016.7,1013.8,3.0,6.0,12.0,17.2,No,No
327,2010-04-03,Sale,11.5,20.4,0.4,2.0,5.2,E,44.0,NNE,E,7.0,26.0,93.0,58.0,1023.6,1022.6,7.0,4.0,13.5,19.3,No,Yes
328,2010-09-28,Cobar,9.0,22.5,0.0,6.2,,WSW,31.0,S,WSW,15.0,15.0,58.0,30.0,1017.6,1014.3,1.0,2.0,14.4,21.7,No,No
329,2013-06-01,Watsonia,13.1,14.7,87.4,8.0,0.0,S,22.0,,SSW,0.0,9.0,,100.0,1013.4,1010.9,8.0,7.0,,14.4,Yes,Yes
330,2015-07-09,Wollongong,7.2,16.2,0.4,,,NE,20.0,WNW,NE,7.0,13.0,70.0,57.0,1030.5,1026.7,,,13.2,15.8,No,No
331,2014-10-17,Moree,6.6,27.0,0.0,,,SSW,56.0,,SSW,0.0,9.0,28.0,13.0,1022.0,1018.9,,,18.7,25.2,No,No
332,2010-07-27,AliceSprings,9.3,25.0,1.8,2.2,8.2,ENE,22.0,ENE,S,7.0,11.0,80.0,40.0,1023.8,1019.6,7.0,1.0,12.6,24.2,Yes,No
333,2015-02-26,Watsonia,15.8,25.7,0.0,5.6,8.3,SW,31.0,W,SSW,9.0,13.0,88.0,52.0,1010.9,1009.8,7.0,7.0,17.2,24.3,No,No
334,2013-05-10,MelbourneAirport,11.3,25.0,0.0,4.6,9.4,N,39.0,N,NNE,19.0,22.0,62.0,33.0,1029.7,1026.8,7.0,7.0,16.7,24.5,No,No
335,2013-06-24,Katherine,14.1,31.4,0.0,9.0,,E,33.0,SE,ESE,15.0,15.0,58.0,29.0,1017.5,1013.2,0.0,0.0,19.9,30.6,No,No
336,2012-03-02,CoffsHarbour,19.9,25.5,0.0,7.2,4.5,S,48.0,SSW,S,26.0,33.0,83.0,77.0,1009.9,1011.0,3.0,7.0,22.3,23.6,No,Yes
337,2009-08-12,MountGinini,-0.5,0.9,7.2,,,W,52.0,W,W,22.0,26.0,98.0,98.0,,,,,0.0,0.0,Yes,Yes
338,2016-12-09,Launceston,8.5,19.4,8.6,,,S,48.0,S,SSW,13.0,15.0,43.0,35.0,,,2.0,1.0,12.6,18.9,Yes,No
339,2011-01-17,Dartmoor,12.8,19.0,0.0,6.0,4.9,WSW,46.0,WSW,W,30.0,22.0,76.0,78.0,1010.4,1011.1,,,16.5,17.2,No,No
340,2013-04-04,Nhil,4.6,23.9,0.0,,,ESE,33.0,SSE,ESE,13.0,17.0,84.0,30.0,1028.3,1025.9,,,8.1,22.1,No,No
341,2017-05-24,Hobart,7.7,16.3,3.4,1.0,5.8,NNW,43.0,N,NNW,2.0,9.0,88.0,49.0,1005.8,1007.7,6.0,4.0,9.6,13.9,Yes,No
342,2014-06-07,Dartmoor,6.9,15.9,7.4,1.2,3.1,SSW,39.0,,SSW,0.0,19.0,100.0,100.0,1032.8,1031.3,,,9.3,14.6,Yes,Yes
343,2014-10-16,Walpole,14.0,24.0,0.0,,,ENE,37.0,ENE,SSE,17.0,9.0,71.0,72.0,1008.1,1007.2,,,19.5,21.2,No,Yes
344,2017-04-30,SalmonGums,3.5,24.9,0.0,,,SSW,43.0,NW,SSW,17.0,22.0,39.0,42.0,,,,,18.2,23.0,No,No
345,2011-11-26,Canberra,12.7,25.6,43.4,4.4,6.7,NW,65.0,N,NW,13.0,39.0,93.0,34.0,1008.3,1004.0,8.0,4.0,16.1,23.8,Yes,Yes
346,2013-05-17,Ballarat,6.1,11.4,5.4,,,SW,33.0,SW,SW,19.0,19.0,99.0,79.0,1016.8,1016.2,8.0,8.0,8.5,10.7,Yes,No
347,2016-07-11,Portland,9.5,13.7,4.0,0.8,,NNW,81.0,NNW,NW,43.0,39.0,70.0,80.0,993.8,994.4,6.0,8.0,10.9,13.5,Yes,Yes
348,2016-10-10,MountGambier,9.0,13.8,4.6,,,,,W,W,33.0,46.0,99.0,50.0,1009.5,1011.0,5.0,4.0,11.5,12.5,Yes,Yes
349,2009-01-08,Albury,14.0,28.3,0.0,,,W,48.0,W,WSW,17.0,24.0,43.0,15.0,1011.9,1010.9,,,17.9,27.6,No,No
350,2010-04-12,Albany,13.5,19.0,0.0,3.6,1.5,,,,WNW,0.0,2.0,82.0,78.0,1006.9,1007.9,7.0,7.0,17.6,15.5,No,Yes
351,2017-02-05,AliceSprings,27.6,37.9,0.0,,,NNW,37.0,NNW,N,26.0,15.0,47.0,34.0,1004.7,1001.2,,2.0,31.7,36.1,No,No
352,2016-11-05,NorfolkIsland,14.2,22.3,,,,NNE,28.0,SSE,SSE,11.0,4.0,55.0,56.0,1015.8,1013.1,,6.0,20.0,21.0,,
353,2016-04-28,BadgerysCreek,10.8,27.2,0.0,,,NNE,15.0,NNE,NE,2.0,7.0,100.0,44.0,1025.1,1020.9,,,14.9,26.8,No,No
354,2009-02-27,Wollongong,17.5,23.3,0.0,,,S,30.0,SW,ESE,11.0,13.0,70.0,57.0,1018.5,1015.9,6.0,,19.6,22.6,No,No
355,2014-07-02,Albany,15.8,17.0,0.8,1.6,3.1,,,NNE,S,13.0,22.0,86.0,85.0,1008.9,1009.9,8.0,8.0,16.6,12.3,No,Yes
356,2009-11-21,Sydney,22.0,31.5,0.0,12.4,10.3,,,WSW,SE,4.0,13.0,56.0,45.0,1009.8,1006.6,7.0,7.0,25.4,30.2,No,No
357,2011-12-05,NorfolkIsland,20.2,21.9,2.0,4.2,0.1,NNW,33.0,SSW,SSW,22.0,17.0,89.0,80.0,1011.9,1011.5,8.0,8.0,20.3,20.2,Yes,No
358,2015-07-28,CoffsHarbour,1.8,17.6,0.0,,,SW,37.0,WSW,S,13.0,17.0,50.0,40.0,1031.7,1029.8,,,12.6,16.9,No,No
359,2010-12-11,Sale,11.6,22.8,0.0,9.2,5.6,NW,52.0,NNW,NW,30.0,37.0,49.0,39.0,1004.6,1001.0,5.0,6.0,16.5,20.8,No,No
360,2014-04-12,Nuriootpa,9.4,18.6,0.0,3.0,9.4,SE,33.0,SSE,SE,15.0,17.0,68.0,54.0,1021.4,1018.4,6.0,3.0,13.1,17.9,No,No
361,2011-11-24,AliceSprings,11.0,28.2,0.0,6.6,13.2,SE,43.0,E,SE,15.0,20.0,48.0,17.0,1017.3,1013.7,3.0,1.0,20.9,26.3,No,No
362,2014-03-22,Adelaide,11.2,22.6,,,10.7,SE,31.0,SSW,NNE,2.0,7.0,53.0,34.0,1023.8,1020.3,,,13.6,21.1,,
363,2016-06-15,Bendigo,0.5,14.0,0.0,,,NNE,15.0,,N,0.0,4.0,97.0,64.0,1033.7,1029.6,,8.0,6.2,13.6,No,No
364,2013-06-28,Newcastle,12.6,18.2,14.6,,,,,,,0.0,0.0,96.0,94.0,,,8.0,8.0,14.2,14.0,Yes,Yes
365,2008-08-24,Sydney,5.5,17.3,0.0,3.0,10.4,,,W,SSE,24.0,22.0,63.0,47.0,1029.6,1027.9,1.0,2.0,9.8,16.6,No,No
366,2014-04-24,Sale,5.3,17.1,0.2,2.0,5.5,W,57.0,WNW,WSW,7.0,35.0,81.0,39.0,1012.3,1016.6,7.0,2.0,12.3,16.6,No,No
367,2013-03-10,Melbourne,23.3,35.4,0.0,10.4,4.7,N,43.0,N,E,13.0,26.0,65.0,25.0,1016.3,1014.6,,,24.3,33.5,No,No
368,2014-10-29,Moree,12.7,32.5,0.0,14.4,12.7,SSW,50.0,SSW,SW,6.0,22.0,18.0,12.0,1016.7,1013.4,0.0,0.0,23.4,31.1,No,No
369,2010-08-25,Moree,10.5,15.8,0.0,2.4,1.5,W,35.0,W,W,22.0,20.0,76.0,54.0,1015.4,1011.8,7.0,8.0,12.8,14.9,No,Yes
370,2013-03-05,Launceston,10.5,30.4,0.0,,,NNW,30.0,SE,WNW,2.0,7.0,83.0,29.0,1021.3,1016.9,,,16.8,30.0,No,No
371,2009-07-22,Woomera,7.8,18.1,0.0,4.2,9.7,W,57.0,W,WSW,28.0,37.0,46.0,32.0,1013.7,1013.9,0.0,2.0,12.4,17.7,No,No
372,2012-06-01,MountGambier,3.1,17.9,0.0,1.0,8.8,N,17.0,NNE,SE,7.0,7.0,87.0,59.0,1028.8,1025.9,0.0,1.0,8.4,17.1,No,No
373,2014-06-02,Mildura,9.3,17.7,0.0,1.8,4.8,N,22.0,NNE,W,9.0,2.0,80.0,61.0,1020.0,1018.6,1.0,7.0,12.4,16.1,No,No
374,2010-06-01,Penrith,11.3,19.6,1.6,,,SW,26.0,SW,SW,15.0,9.0,70.0,60.0,,,,,15.8,18.3,Yes,No
375,2009-08-21,Wollongong,11.9,24.3,0.0,,,WNW,63.0,NE,NE,19.0,24.0,50.0,64.0,1008.0,1001.3,,1.0,18.6,19.0,No,No
376,2010-12-10,Brisbane,21.7,30.4,0.0,8.0,12.0,NE,31.0,NNW,NE,7.0,15.0,59.0,65.0,1013.0,1008.1,4.0,4.0,27.3,28.4,No,No
377,2013-05-15,Wollongong,9.9,20.0,0.0,,,WNW,50.0,NW,WNW,2.0,24.0,51.0,36.0,1012.5,1008.9,,,15.5,19.1,No,No
378,2014-08-26,Williamtown,8.7,18.6,7.0,2.4,0.0,SE,50.0,NW,S,2.0,19.0,97.0,79.0,1023.0,1021.0,7.0,8.0,13.9,16.3,Yes,Yes
379,2013-01-15,Sydney,16.8,24.9,0.2,9.8,10.8,NE,41.0,NW,E,6.0,17.0,62.0,53.0,1019.4,1016.7,3.0,3.0,20.5,23.1,No,No
380,2009-03-30,MelbourneAirport,13.0,22.4,0.0,4.8,9.3,S,31.0,SSW,SSE,11.0,15.0,88.0,48.0,1026.2,1023.5,5.0,2.0,14.7,21.0,No,No
381,2014-05-04,Newcastle,9.7,20.8,3.0,,,,,NW,,37.0,,74.0,,,,7.0,,13.0,,Yes,No
382,2016-09-04,MountGambier,8.0,15.3,4.2,,,NW,44.0,NNW,WNW,13.0,30.0,91.0,63.0,1023.2,1024.0,5.0,8.0,12.1,14.6,Yes,No
383,2017-04-30,NorahHead,14.0,21.5,1.0,,,SSW,28.0,W,SSE,9.0,20.0,87.0,74.0,1022.6,1020.7,,,16.1,19.8,No,No
384,2014-12-01,Katherine,25.3,36.9,0.0,5.2,,N,35.0,WNW,NNE,11.0,2.0,66.0,44.0,1008.6,1002.5,2.0,3.0,30.2,37.0,No,Yes
385,2009-04-26,CoffsHarbour,13.0,27.8,0.0,3.8,10.5,N,37.0,N,NW,15.0,15.0,50.0,32.0,1007.3,1003.6,1.0,1.0,21.9,27.1,No,No
386,2014-12-15,Dartmoor,10.1,25.9,0.0,5.8,14.1,SSW,33.0,SE,SSW,17.0,20.0,63.0,47.0,1009.7,1005.2,,,18.1,23.0,No,No
387,2010-02-02,Nuriootpa,15.7,34.3,0.0,11.2,6.8,ESE,46.0,NE,ESE,15.0,6.0,44.0,28.0,1010.9,1008.6,7.0,8.0,25.5,32.3,No,No
388,2010-12-01,Albury,16.7,23.9,12.0,,,SE,24.0,SE,SE,11.0,9.0,72.0,73.0,1014.1,1013.3,,8.0,19.6,20.6,Yes,No
389,2009-05-04,Adelaide,8.2,18.1,0.0,5.0,3.4,ESE,20.0,N,ESE,2.0,11.0,78.0,54.0,1032.3,1030.4,,,13.3,17.6,No,No
390,2013-07-04,Uluru,0.4,23.0,0.0,,,WNW,28.0,,NW,0.0,11.0,64.0,24.0,1019.9,1015.4,,,8.5,22.0,No,No
391,2013-01-24,Moree,21.1,33.9,5.2,10.4,9.8,E,54.0,ENE,ESE,22.0,20.0,61.0,35.0,1012.0,1008.5,6.0,2.0,24.8,32.4,Yes,Yes
392,2012-10-11,Walpole,9.8,26.3,,,,ENE,50.0,NNE,NNE,22.0,11.0,41.0,31.0,1023.8,1017.9,,,18.5,26.0,,
393,2011-01-16,Wollongong,20.1,25.2,0.2,,,NE,30.0,SE,NNE,15.0,9.0,86.0,82.0,1010.3,1007.4,,,22.6,24.2,No,No
394,2013-04-27,Portland,14.5,25.4,0.0,3.0,5.9,WNW,74.0,NNW,NNW,31.0,31.0,63.0,33.0,1013.1,1006.7,,5.0,17.9,24.3,No,Yes
395,2013-07-22,Brisbane,11.8,18.0,0.2,3.6,1.0,SW,13.0,SW,SW,6.0,2.0,68.0,67.0,1021.5,1020.0,7.0,8.0,13.9,15.9,No,Yes
396,2011-05-19,SalmonGums,6.0,19.4,1.4,,,N,28.0,NW,NW,13.0,13.0,63.0,40.0,,,,,14.0,18.6,Yes,No
397,2012-10-21,PearceRAAF,11.5,31.7,,,11.3,W,39.0,N,W,20.0,24.0,27.0,37.0,1011.3,1010.1,,,27.2,28.0,,No
398,2011-03-28,Bendigo,10.8,25.4,0.0,,,SSE,28.0,SSE,ENE,11.0,9.0,80.0,48.0,1026.7,1024.0,0.0,2.0,13.6,21.8,No,No
399,2016-01-06,PearceRAAF,19.4,37.4,0.0,,12.6,W,37.0,NE,SW,6.0,24.0,56.0,40.0,1014.5,1011.7,,,27.6,32.8,No,No
400,2012-01-21,Cobar,19.9,31.8,0.0,,,NNE,43.0,SE,ESE,6.0,17.0,73.0,40.0,1012.5,1010.1,1.0,8.0,22.5,29.4,No,Yes
401,2017-05-07,Brisbane,16.4,26.4,0.0,5.4,8.7,E,20.0,SW,SE,6.0,4.0,66.0,47.0,1023.8,1020.3,6.0,2.0,19.9,25.6,No,No
402,2014-09-17,Penrith,10.2,22.1,,,,WSW,56.0,SW,WSW,26.0,30.0,33.0,27.0,,,,,17.9,20.4,,No
403,2012-03-31,Adelaide,18.4,22.3,0.0,6.0,8.4,WNW,44.0,WSW,SW,17.0,15.0,62.0,49.0,1016.7,1016.8,,,19.2,21.5,No,No
404,2009-11-03,Williamtown,16.1,37.8,0.0,5.6,11.0,NW,54.0,NNW,NW,17.0,31.0,73.0,16.0,1013.2,1007.8,2.0,5.0,23.3,37.6,No,No
405,2012-04-08,Ballarat,5.7,16.4,0.0,,,WNW,39.0,NW,W,20.0,22.0,56.0,51.0,1018.6,1015.6,7.0,8.0,12.1,14.9,No,Yes
406,2010-09-12,SydneyAirport,8.4,20.7,0.0,3.8,10.0,ENE,39.0,WNW,ENE,11.0,28.0,51.0,56.0,1022.7,1017.7,3.0,5.0,15.8,19.0,No,No
407,2015-04-28,Bendigo,4.3,16.4,0.0,,,SE,33.0,SSE,SSE,13.0,17.0,72.0,49.0,1028.5,1026.5,,8.0,12.0,15.4,No,No
408,2013-11-20,Witchcliffe,7.5,25.6,0.0,,,ENE,44.0,ENE,E,19.0,20.0,44.0,28.0,1016.5,1010.5,,,18.1,24.3,No,No
409,2015-01-26,Sydney,20.2,20.4,0.6,10.6,0.0,SSE,35.0,SSE,S,20.0,17.0,84.0,88.0,1013.2,1013.3,8.0,8.0,20.4,19.7,No,Yes
410,2012-04-22,Watsonia,12.9,23.9,2.8,2.4,6.3,N,50.0,NE,N,4.0,22.0,100.0,59.0,1007.9,1004.4,7.0,6.0,16.1,21.8,Yes,Yes
411,2010-02-23,Walpole,14.1,25.7,0.0,,,ESE,43.0,E,SE,15.0,22.0,68.0,65.0,1021.6,1019.4,,,21.6,23.9,No,No
412,2015-05-14,BadgerysCreek,5.0,16.9,1.0,,,SW,33.0,SW,SW,17.0,19.0,58.0,43.0,1025.0,1024.7,,,11.5,16.4,No,No
413,2013-11-04,Cobar,11.9,24.6,0.0,,,S,43.0,SSE,S,22.0,15.0,33.0,10.0,1023.6,1020.7,,,14.0,22.4,No,No
414,2010-01-04,Moree,20.1,32.6,0.0,7.8,12.7,E,48.0,E,N,20.0,13.0,58.0,42.0,1015.1,1012.9,3.0,6.0,25.6,31.6,No,No
415,2012-10-11,Mildura,3.4,15.1,1.0,6.0,,SSW,52.0,SW,S,17.0,11.0,79.0,78.0,1013.2,1013.8,7.0,7.0,6.9,9.3,No,Yes
416,2009-02-11,Hobart,7.5,16.3,0.0,4.8,4.3,S,48.0,NNW,SSW,13.0,22.0,54.0,69.0,1019.4,1019.5,7.0,7.0,11.6,13.7,No,Yes
417,2012-11-03,BadgerysCreek,11.6,18.8,0.0,,,SE,22.0,S,E,7.0,11.0,83.0,77.0,1021.1,1020.2,,,14.1,15.8,No,No
418,2012-11-17,Mildura,8.7,26.5,0.2,9.6,12.0,SSE,31.0,SE,S,17.0,13.0,53.0,20.0,1017.9,1014.5,8.0,2.0,14.7,24.5,No,No
419,2013-05-29,Richmond,11.0,18.9,0.6,0.4,,W,15.0,NNE,WSW,2.0,7.0,100.0,83.0,1031.8,1027.9,,,11.6,17.3,No,No
420,2016-07-13,Uluru,2.4,13.7,0.0,,,ESE,52.0,ESE,ESE,20.0,24.0,67.0,45.0,1030.1,1027.8,6.0,3.0,7.1,13.2,No,No
421,2016-06-20,SalmonGums,9.0,15.6,0.6,,,W,31.0,WNW,WNW,17.0,17.0,86.0,73.0,,,,,13.1,14.9,No,Yes
422,2009-04-30,Sydney,11.0,17.4,6.2,2.4,2.7,,,W,WSW,17.0,4.0,92.0,88.0,1020.5,1020.4,7.0,7.0,12.8,14.1,Yes,Yes
423,2014-10-12,CoffsHarbour,17.0,24.8,0.0,,,,,,,,,65.0,61.0,,,,,21.9,23.4,No,No
424,2012-05-02,Nuriootpa,6.1,14.5,0.0,1.2,2.6,SE,41.0,S,SSE,15.0,28.0,63.0,44.0,1029.6,1028.1,7.0,5.0,11.2,13.8,No,Yes
425,2011-10-27,Albury,8.8,23.8,0.0,,,E,28.0,SE,ENE,9.0,15.0,63.0,43.0,1022.5,1017.9,,,15.4,22.6,No,No
426,2016-07-04,Ballarat,6.4,8.1,0.0,,,N,46.0,N,N,24.0,26.0,100.0,98.0,1016.9,1013.0,8.0,7.0,6.5,7.6,No,Yes
427,2015-01-06,PearceRAAF,19.3,38.2,0.0,,12.0,WSW,50.0,S,S,7.0,35.0,63.0,24.0,1009.0,1006.5,,,28.0,34.7,No,No
428,2013-05-17,Richmond,6.5,19.8,0.0,2.2,,SW,46.0,W,W,17.0,22.0,46.0,32.0,1012.6,1011.2,,,16.3,18.6,No,No
429,2013-09-05,Canberra,5.1,22.1,0.0,,,NW,30.0,NW,NNW,9.0,19.0,68.0,50.0,1029.3,1026.5,8.0,,15.9,19.7,No,No
430,2010-03-08,Cobar,15.1,26.7,0.0,4.2,11.8,NW,44.0,NW,WNW,15.0,22.0,55.0,27.0,1011.5,1011.6,1.0,1.0,19.6,25.8,No,No
431,2016-11-10,PearceRAAF,4.9,24.1,0.0,,8.0,W,43.0,NW,NW,20.0,31.0,53.0,65.0,1011.7,1009.2,3.0,8.0,18.4,19.3,No,No
432,2013-04-28,Ballarat,12.4,17.0,0.0,,,N,37.0,SSW,W,15.0,24.0,98.0,54.0,1015.7,1016.4,8.0,1.0,12.4,15.8,No,No
433,2016-12-10,Uluru,17.3,32.9,0.0,,,E,48.0,E,ENE,28.0,22.0,22.0,12.0,1016.7,1013.0,,,25.2,31.7,No,No
434,2009-10-01,Hobart,7.9,16.6,5.8,3.6,10.4,NW,59.0,N,NW,22.0,22.0,59.0,31.0,1001.6,1003.4,5.0,4.0,12.0,14.8,Yes,No
435,2009-11-06,MountGinini,3.6,11.1,,,,,,,,,,,,,,,,,,,No
436,2015-06-30,Cobar,6.1,16.3,0.0,,,SW,20.0,SE,SSW,9.0,13.0,78.0,55.0,1028.3,1025.9,6.0,5.0,9.5,15.5,No,No
437,2009-10-29,Wollongong,16.4,20.8,0.0,,,S,43.0,SW,SE,13.0,11.0,78.0,75.0,1026.7,1024.1,8.0,8.0,17.1,19.3,No,No
438,2012-04-14,Cairns,22.4,26.5,5.0,4.0,2.0,SSE,46.0,S,SSE,24.0,22.0,84.0,89.0,1015.8,1013.0,5.0,7.0,24.5,24.7,Yes,Yes
439,2012-03-16,GoldCoast,21.6,28.9,2.2,,,SE,33.0,SSE,SE,24.0,20.0,74.0,68.0,1014.3,1011.7,,,25.8,27.5,Yes,Yes
440,2013-05-13,CoffsHarbour,13.1,24.2,0.8,1.8,4.1,NNW,35.0,WNW,N,2.0,17.0,94.0,65.0,1021.5,1017.0,7.0,7.0,16.1,21.7,No,No
441,2012-03-13,Cobar,17.6,30.9,0.0,34.4,,NE,28.0,ENE,ESE,19.0,6.0,64.0,31.0,1017.1,1014.5,7.0,7.0,21.9,29.4,No,No
442,2012-04-22,Tuggeranong,10.4,18.0,0.0,,,N,22.0,NNE,N,2.0,11.0,93.0,77.0,1013.5,1011.6,,,14.9,16.5,No,No
443,2015-07-16,Albury,2.9,11.9,4.4,,,SW,19.0,SSW,WSW,6.0,11.0,90.0,67.0,1020.1,1017.3,8.0,,5.8,10.5,Yes,No
444,2013-07-25,WaggaWagga,-0.4,12.1,0.0,0.6,5.3,E,17.0,E,NW,9.0,2.0,100.0,58.0,1031.3,1028.2,6.0,7.0,1.3,11.4,No,No
445,2013-03-31,Cobar,14.6,22.0,0.4,4.8,,S,31.0,SSW,S,11.0,11.0,70.0,46.0,1015.8,1014.8,7.0,7.0,15.9,19.8,No,No
446,2017-05-09,Uluru,8.3,22.9,0.0,,,E,31.0,E,SE,19.0,15.0,49.0,25.0,1024.1,1020.4,,,14.2,21.9,No,No
447,2016-08-25,PearceRAAF,8.0,18.8,0.0,,9.6,ENE,48.0,ENE,ENE,33.0,20.0,70.0,48.0,1024.8,1019.4,,,11.4,18.5,No,No
448,2013-10-21,Canberra,5.8,32.1,0.0,,,NNW,43.0,S,NW,2.0,30.0,56.0,27.0,1017.8,1013.6,,,17.4,30.9,No,Yes
449,2015-12-24,Melbourne,,,,9.3,13.1,N,50.0,NNE,ENE,33.0,11.0,,,,,,,,,,
450,2010-05-07,MelbourneAirport,8.3,19.7,0.0,2.4,0.7,N,41.0,N,NW,24.0,22.0,78.0,57.0,1021.1,1018.5,7.0,7.0,12.8,19.1,No,Yes
451,2014-08-24,Richmond,7.9,20.7,0.6,,,ESE,20.0,SE,NE,2.0,4.0,97.0,48.0,1030.1,1025.7,8.0,,12.4,20.5,No,No
452,2016-08-23,CoffsHarbour,14.7,22.8,9.8,,,N,39.0,NW,S,22.0,28.0,74.0,82.0,1012.6,1011.8,,8.0,19.4,19.1,Yes,Yes
453,2011-08-09,Perth,8.7,19.0,2.8,2.4,8.0,SSW,31.0,E,SSW,6.0,13.0,72.0,53.0,1021.4,1020.5,1.0,7.0,14.3,16.7,Yes,No
454,2013-07-03,Townsville,10.2,26.7,0.0,6.6,10.3,ESE,43.0,SSE,NE,9.0,20.0,48.0,43.0,1020.0,1016.8,0.0,1.0,21.2,25.6,No,No
455,2010-05-07,Albury,5.7,17.5,0.0,,,W,20.0,S,WNW,2.0,6.0,89.0,56.0,1024.7,1021.7,8.0,6.0,10.2,16.8,No,No
456,2010-11-29,Darwin,25.6,30.8,0.0,4.2,2.4,SW,52.0,ESE,SE,11.0,19.0,78.0,98.0,1007.7,1005.9,7.0,7.0,30.4,25.0,No,Yes
457,2015-12-18,Albury,16.5,37.1,0.0,,,SSE,26.0,SE,W,9.0,9.0,46.0,19.0,1015.6,1011.5,,,26.1,35.4,No,No
458,2016-11-03,Witchcliffe,8.0,19.7,,,,W,30.0,NW,WSW,7.0,15.0,92.0,77.0,1016.5,1017.6,,,13.9,18.4,,
459,2012-02-29,Nuriootpa,14.7,16.8,11.4,5.2,0.0,SE,61.0,SE,SE,24.0,33.0,94.0,92.0,1011.7,1009.0,8.0,8.0,14.8,13.5,Yes,Yes
460,2016-05-15,Newcastle,,25.2,0.0,,,,,,,0.0,,53.0,,,,3.0,,17.5,,No,No
461,2015-01-12,Uluru,18.0,34.6,0.0,,,SW,39.0,E,SW,2.0,17.0,64.0,32.0,1006.7,1003.1,,1.0,24.6,33.2,No,No
462,2010-05-09,PerthAirport,5.9,22.9,0.0,4.2,9.3,SSW,43.0,ENE,SSW,6.0,30.0,81.0,57.0,1017.1,1015.5,2.0,3.0,15.0,21.1,No,No
463,2017-01-15,Nuriootpa,11.4,28.8,0.0,8.0,12.5,SE,31.0,E,ESE,15.0,11.0,64.0,28.0,1019.2,1016.1,2.0,,16.0,26.9,No,No
464,2016-06-07,Sale,5.3,16.8,0.0,,,W,48.0,W,W,22.0,30.0,81.0,69.0,1000.3,999.2,8.0,8.0,11.0,15.0,No,No
465,2010-01-07,Wollongong,19.4,23.7,0.0,,,S,39.0,S,SE,20.0,15.0,72.0,63.0,1019.1,1018.1,8.0,7.0,20.4,23.0,No,No
466,2013-03-23,Sydney,21.6,27.0,1.0,8.4,8.5,ESE,30.0,ESE,E,4.0,24.0,73.0,73.0,1016.5,1013.7,4.0,5.0,24.2,24.0,No,No
467,2010-12-11,Walpole,12.0,20.1,0.0,,,SSW,24.0,S,SSE,7.0,13.0,73.0,71.0,1019.0,1015.3,,,16.4,18.1,No,No
468,2014-03-06,Launceston,12.0,23.6,0.0,,,SSE,30.0,SE,N,7.0,11.0,56.0,38.0,1022.4,1020.8,,,15.0,21.9,No,No
469,2009-10-10,WaggaWagga,1.9,20.1,0.0,5.8,11.8,ENE,39.0,E,E,13.0,15.0,47.0,39.0,1029.3,1025.0,1.0,5.0,11.4,18.0,No,No
470,2017-01-10,Williamtown,19.6,35.5,0.0,,,SSE,31.0,NW,ESE,13.0,22.0,74.0,51.0,1011.7,1008.4,5.0,2.0,25.1,31.1,No,No
471,2011-11-14,Brisbane,22.1,29.9,0.0,8.0,12.2,ENE,30.0,NNE,NE,9.0,13.0,51.0,58.0,1016.5,1013.3,2.0,1.0,27.1,27.3,No,No
472,2010-03-07,Mildura,12.6,26.1,3.4,2.4,9.9,NW,70.0,NNE,N,11.0,11.0,91.0,35.0,1010.7,1006.6,1.0,5.0,16.0,24.9,Yes,Yes
473,2010-04-26,WaggaWagga,5.2,19.4,0.0,3.0,10.3,SE,15.0,E,WNW,9.0,6.0,79.0,32.0,1026.3,1022.6,1.0,2.0,11.4,18.9,No,No
474,2014-08-30,Wollongong,12.4,16.5,0.8,,,SSW,61.0,SSW,SW,39.0,24.0,77.0,88.0,1024.9,1022.7,8.0,8.0,14.1,14.3,No,No
475,2016-11-11,Woomera,18.5,40.1,0.0,13.4,,W,74.0,NE,WSW,39.0,41.0,60.0,15.0,1000.3,997.0,2.0,,26.0,38.7,No,No
476,2015-03-19,MountGambier,16.0,23.2,0.0,5.2,6.1,W,59.0,WNW,W,31.0,43.0,57.0,47.0,1002.8,1006.7,7.0,6.0,22.9,20.8,No,No
477,2012-10-31,Perth,14.2,21.4,0.0,7.0,2.0,ESE,41.0,ESE,E,17.0,17.0,58.0,51.0,1017.6,1015.6,7.0,5.0,15.7,20.5,No,No
478,2015-11-21,BadgerysCreek,16.6,22.9,0.0,,,S,33.0,SW,E,2.0,13.0,70.0,70.0,1015.6,1016.7,,,20.7,19.8,No,No
479,2014-06-17,Nuriootpa,3.1,13.6,3.4,,2.7,ESE,17.0,NNE,E,7.0,4.0,100.0,69.0,1032.4,1031.2,2.0,6.0,7.5,12.9,Yes,No
480,2014-03-06,Witchcliffe,11.1,28.2,0.0,,,S,43.0,SE,SSE,17.0,26.0,64.0,46.0,1020.7,1016.0,,,17.9,26.2,No,No
481,2014-08-06,Bendigo,3.3,12.5,0.0,,,WNW,43.0,WNW,WNW,15.0,22.0,69.0,69.0,1033.4,1030.7,8.0,8.0,10.7,11.6,No,No
482,2017-06-12,BadgerysCreek,5.5,20.7,0.2,,,SE,22.0,,E,0.0,11.0,100.0,53.0,1025.4,1023.7,,,10.4,19.9,No,No
483,2017-01-08,MountGinini,12.2,19.9,0.0,,,W,43.0,W,W,19.0,13.0,72.0,62.0,,,,,15.5,19.1,No,No
484,2008-09-18,Hobart,5.0,18.7,0.0,3.8,9.1,,,NNW,NNE,15.0,20.0,49.0,42.0,1014.4,1007.9,2.0,6.0,12.3,17.6,No,No
485,2012-10-23,Mildura,8.9,28.3,0.0,8.0,11.9,NE,52.0,NNE,NNE,37.0,28.0,18.0,4.0,1023.0,1018.7,6.0,5.0,17.4,26.2,No,No
486,2011-03-18,Woomera,20.7,21.1,0.2,13.0,1.2,E,44.0,ESE,ESE,26.0,33.0,63.0,81.0,1013.0,1009.6,7.0,8.0,21.0,19.4,No,Yes
487,2009-03-05,PearceRAAF,17.1,34.5,0.0,,11.7,E,35.0,NE,ENE,15.0,13.0,34.0,13.0,1023.7,1019.5,0.0,0.0,21.6,33.0,No,No
488,2010-04-24,NorfolkIsland,15.8,22.8,0.6,3.2,8.2,E,43.0,E,E,20.0,26.0,70.0,67.0,1021.6,1019.1,6.0,4.0,20.8,21.2,No,No
489,2015-08-30,Melbourne,,,,0.6,1.9,SSW,37.0,SW,SSW,20.0,22.0,,,,,,,,,,
490,2009-12-17,Mildura,23.1,36.5,0.0,11.8,4.7,W,57.0,NW,WSW,19.0,37.0,22.0,46.0,1007.8,1010.8,3.0,8.0,32.8,27.6,No,Yes
491,2009-06-21,AliceSprings,4.9,25.4,0.0,4.0,8.2,NW,31.0,N,NW,11.0,19.0,27.0,18.0,1016.3,1012.6,2.0,3.0,16.0,24.7,No,No
492,2013-05-19,MountGinini,-2.7,2.5,0.8,,,SW,48.0,SW,SW,22.0,20.0,,91.0,,,,,,0.7,No,No
493,2010-08-24,Adelaide,8.4,13.0,1.2,1.0,1.8,WSW,69.0,N,WSW,17.0,24.0,78.0,66.0,1013.0,1011.1,,,10.2,12.5,Yes,Yes
494,2009-09-25,Mildura,11.8,20.7,0.0,5.6,3.0,WSW,57.0,NNW,SW,19.0,28.0,35.0,53.0,1005.9,1000.8,7.0,7.0,18.6,16.9,No,Yes
495,2016-02-28,Penrith,18.7,31.0,0.0,,,ESE,28.0,S,W,4.0,7.0,78.0,41.0,,,,,22.8,29.8,No,No
496,2010-05-16,Watsonia,3.3,16.5,0.2,1.0,6.4,NNE,13.0,NE,SSE,6.0,6.0,100.0,68.0,1021.4,1018.8,1.0,6.0,6.7,16.3,No,No
497,2015-12-04,Woomera,17.4,36.0,0.0,,,NNE,39.0,ENE,N,26.0,15.0,23.0,30.0,1018.5,1014.2,,,27.3,34.7,No,No
498,2014-10-28,Walpole,9.1,21.0,0.0,,,SSW,30.0,NNE,S,6.0,11.0,70.0,69.0,1019.4,1016.1,,,16.0,18.7,No,No
499,2014-06-03,MelbourneAirport,10.0,16.3,2.6,1.0,0.2,WSW,31.0,WSW,WSW,19.0,13.0,97.0,72.0,1018.1,1017.7,8.0,7.0,12.4,16.2,Yes,No
